2023-01-10  16:42:26, Stairs,1.0,1.0,in,
2023-01-10  16:46:08, Stairs,1.0,1.0,out,
2023-01-10  16:46:48, Stairs,1.0,1.0,in,
2023-01-10  16:47:01, Stairs,1.0,3.0,pbin/no_event,
2023-01-10  16:47:10, Stairs,1.0,1.0,out,
2023-01-10  16:47:17, Stairs,1.0,1.0,in,
2023-01-10  16:47:25, Stairs,3.0,2.0,in/in,"three people walk in one after the other after the other, 6 seconds"
2023-01-10  16:47:44, Stairs,1.0,1.0,out,
2023-01-10  16:47:53, Stairs,1.0,1.0,in,
2023-01-10  16:48:14, Stairs,1.0,1.0,out,
2023-01-10  16:48:28, Stairs,1.0,1.0,in,
2023-01-10  16:48:47, Stairs,1.0,1.0,out,
2023-01-10  16:49:03, Stairs,1.0,1.0,in,
2023-01-10  16:49:22, Stairs,1.0,1.0,out,
2023-01-10  16:49:38, Stairs,1.0,1.0,in,
2023-01-10  17:06:54, Stairs,2.0,2.0,in/in,"two people walk in one after the other after the other, 6 seconds"
2023-01-10  17:22:47, Stairs,1.0,1.0,out,
2023-01-10  17:41:54, Stairs,3.0,2.0,in/in,"three people walk in one after the other after the other, 6 seconds"
2023-01-10  17:46:45, Stairs,4.0,2.0,out/out,"four folks walk out one, a second later three more back to back to back, about 10 seconds"
2023-01-10  17:47:43, Stairs,2.0,2.0,in/in,"two people walk in one after the other after the other, 7 seconds"
2023-01-10  17:49:20, Stairs,2.0,2.0,out/out,"two people walk out one after the other after the other, 7 seconds"
2023-01-10  17:54:04, Stairs,1.0,1.0,out,
2023-01-10  19:44:50, Stairs,1.0,1.0,in,
2023-01-10  19:45:04, Stairs,1.0,1.0,in,
2023-01-10  19:45:11, Stairs,1.0,1.0,in,
2023-01-11  01:55:41, Stairs,1.0,1.0,in,
2023-01-11  06:49:36, Stairs,1.0,1.0,out,
2023-01-11  06:51:11, Stairs,1.0,1.0,in,
2023-01-11  07:34:54, Stairs,1.0,1.0,out,
2023-01-11  07:40:48, Stairs,1.0,1.0,in,
2023-01-11  07:41:54, Stairs,1.0,1.0,out,
2023-01-11  08:11:35, Stairs,1.0,1.0,in,
2023-01-11  08:18:57, Stairs,1.0,1.0,in,
2023-01-11  08:27:04, Stairs,1.0,1.0,in,
2023-01-11  08:30:49, Stairs,1.0,1.0,in,"entering amy's lab, about 8 seconds"
2023-01-11  08:34:38, Stairs,1.0,1.0,in,
2023-01-11  08:40:48, Stairs,1.0,1.0,out,out from prior event
2023-01-11  08:41:27, Stairs,1.0,1.0,in,
2023-01-11  08:42:53, Stairs,1.0,1.0,out,
2023-01-11  08:47:50, Stairs,1.0,1.0,out,
2023-01-11  08:52:33, Stairs,1.0,1.0,in,
2023-01-11  08:57:02, Stairs,1.0,1.0,in,
2023-01-11  08:59:43, Stairs,1.0,1.0,in,
2023-01-11  09:01:27, Stairs,1.0,1.0,in,
2023-01-11  09:11:35, Stairs,1.0,1.0,out,
2023-01-11  09:28:33, Stairs,1.0,1.0,in,
2023-01-11  09:30:22, Stairs,4.0,2.0,in/in,"in to amy's lab, pause to open door, then followed closely by 3 others, about 9 seconds"
2023-01-11  09:39:24, Stairs,1.0,1.0,in,
2023-01-11  09:41:01, Stairs,1.0,1.0,in,
2023-01-11  09:42:46, Stairs,1.0,1.0,out,
2023-01-11  09:44:51, Stairs,1.0,1.0,in,
2023-01-11  09:51:34, Stairs,2.0,2.0,out/out,two people exit together slowly
2023-01-11  09:56:48, Stairs,1.0,1.0,in,
2023-01-11  09:56:53, Stairs,1.0,1.0,in,second person but was close enough that it might get lumped in with prior event
2023-01-11  09:57:27, Stairs,1.0,3.0,pbin/no_event,
2023-01-11  09:58:02, Stairs,2.0,2.0,in/in,"two people walk in one after the other, about 7 seconds"
2023-01-11  09:59:35, Stairs,1.0,1.0,in,
2023-01-11  10:01:27, Stairs,2.0,2.0,in/in,"two people walk in together, one is crazy tall, about 9 seconds"
2023-01-11  10:01:54, Stairs,1.0,1.0,in,
2023-01-11  10:02:04, Stairs,1.0,1.0,in,
2023-01-11  10:03:20, Stairs,1.0,1.0,out,
2023-01-11  10:04:25, Stairs,1.0,1.0,in,
2023-01-11  10:05:25, Stairs,1.0,1.0,in,
2023-01-11  10:05:40, Stairs,2.0,2.0,in/in,"two people walk in one after the other, about 6 seconds"
2023-01-11  10:05:48, Stairs,1.0,1.0,out,
2023-01-11  10:06:12, Stairs,1.0,1.0,in,
2023-01-11  10:10:49, Stairs,1.0,1.0,in,
2023-01-11  10:21:25, Stairs,1.0,1.0,in,
2023-01-11  10:22:12, Stairs,1.0,1.0,out,
2023-01-11  10:27:49, Stairs,4.0,2.0,out/out,"four people come out of amy's lab back to back, about 8 seconds"
2023-01-11  10:29:52, Stairs,1.0,1.0,in,
2023-01-11  10:30:28, Stairs,1.0,1.0,in,
2023-01-11  10:31:49, Stairs,1.0,1.0,out,about 5 seconds
2023-01-11  10:32:38, Stairs,1.0,1.0,in,"in to amy's lab, pause by door"
2023-01-11  10:32:41, Stairs,1.0,3.0,pbin/no_event,going into the lab
2023-01-11  10:33:34, Stairs,1.0,3.0,pbin/no_event,going into the lab
2023-01-11  10:33:35, Stairs,1.0,1.0,pbin,someone else comes out of Amy's lab then walks down the hall
2023-01-11  10:35:02, Stairs,1.0,1.0,pbin,person comes back to amy's lab
2023-01-11  10:38:01, Stairs,1.0,1.0,out,
2023-01-11  10:38:08, Stairs,6.0,2.0,out/out,"6 people walk out one after the other, about 15 seconds"
2023-01-11  10:38:29, Stairs,1.0,1.0,out,
2023-01-11  10:43:02, Stairs,1.0,3.0,pbin/no_event,someone comes out of amy's lab
2023-01-11  10:43:34, Stairs,1.0,1.0,in,
2023-01-11  10:50:44, Stairs,1.0,1.0,pbin,person comes back to amy's lab
2023-01-11  10:51:00, Stairs,1.0,1.0,in,
2023-01-11  10:52:51, Stairs,1.0,1.0,out,
2023-01-11  10:55:14, Stairs,1.0,1.0,out,
2023-01-11  10:55:41, Stairs,2.0,2.0,in/in,two people come in a bit spread out but in around 6 seconds
2023-01-11  11:05:10, Stairs,1.0,1.0,in,
2023-01-11  11:06:17, Stairs,1.0,1.0,in,
2023-01-11  11:06:21, Stairs,1.0,1.0,in,
2023-01-11  11:06:41, Stairs,1.0,1.0,in,
2023-01-11  11:07:13, Stairs,1.0,1.0,in,
2023-01-11  11:07:47, Stairs,1.0,1.0,out,
2023-01-11  11:08:08, Stairs,1.0,1.0,in,
2023-01-11  11:08:51, Stairs,1.0,1.0,in,
2023-01-11  11:09:56, Stairs,1.0,1.0,out,
2023-01-11  11:11:28, Stairs,1.0,1.0,in,
2023-01-11  11:13:30, Stairs,1.0,1.0,in,
2023-01-11  11:13:51, Stairs,1.0,1.0,in,
2023-01-11  11:18:23, Stairs,1.0,1.0,out,
2023-01-11  11:27:13, Stairs,1.0,3.0,pbin/no_event,
2023-01-11  11:27:16, Stairs,1.0,1.0,pbin,
2023-01-11  11:29:23, Stairs,1.0,1.0,pbin,
2023-01-11  11:41:50, Stairs,1.0,1.0,in,
2023-01-11  11:42:17, Stairs,1.0,1.0,out,came out of amy's lab
2023-01-11  11:45:05, Stairs,1.0,1.0,in,came in to amy's lab
2023-01-11  11:52:21, Stairs,1.0,1.0,out,came out of amy's lab
2023-01-11  11:54:17, Stairs,3.0,2.0,out/out,"one person exits, probably counts as it's own out, then two people come out together, about 10 seconds"
2023-01-11  11:54:27, Stairs,1.0,1.0,out,
2023-01-11  11:54:31, Stairs,6.0,2.0,out/out,"six people go out back to back to back, about 13 seconds"
2023-01-11  11:56:40, Stairs,1.0,3.0,out/linger,"out with a bit of a pause before continuing out, about 3 seconds"
2023-01-11  12:03:23, Stairs,2.0,2.0,in/in,"two people come in back to back, about 6 seconds"
2023-01-11  12:05:22, Stairs,1.0,1.0,out,
2023-01-11  12:07:58, Stairs,1.0,1.0,in,
2023-01-11  12:10:58, Stairs,1.0,1.0,in,
2023-01-11  12:23:32, Stairs,1.0,1.0,in,
2023-01-11  12:35:04, Stairs,1.0,1.0,in,"slowly stops under the sensor to check out the cards on the floor, about 8 seconds"
2023-01-11  12:35:22, Stairs,1.0,1.0,in,
2023-01-11  12:38:00, Stairs,1.0,1.0,in,"in to amy's lab, pause by door"
2023-01-11  12:38:20, Stairs,1.0,1.0,pbin,out of amy's lab to down the hall
2023-01-11  12:40:05, Stairs,1.0,1.0,pbin,back into amy's lab
2023-01-11  12:43:05, Stairs,1.0,1.0,out,out of amy's lab to out
2023-01-11  12:52:34, Stairs,1.0,1.0,in,"in to amy's lab, pause by door"
2023-01-11  12:58:13, Stairs,1.0,1.0,in,
2023-01-11  12:59:24, Stairs,1.0,1.0,out,out of amy's lab to out
2023-01-11  13:01:14, Stairs,1.0,1.0,out,
2023-01-11  13:05:01, Stairs,1.0,1.0,out,
2023-01-11  13:14:43, Stairs,1.0,1.0,in,
2023-01-11  13:27:13, Stairs,1.0,1.0,in,
2023-01-11  13:43:39, Stairs,1.0,1.0,in,
2023-01-11  13:44:35, Stairs,1.0,1.0,out,
2023-01-11  13:55:09, Stairs,1.0,1.0,in,
2023-01-11  14:02:10, Stairs,1.0,1.0,in,
2023-01-11  14:05:29, Stairs,1.0,1.0,out,
2023-01-11  14:07:05, Stairs,1.0,1.0,in,
2023-01-11  14:10:52, Stairs,1.0,1.0,out,
2023-01-11  14:12:53, Stairs,1.0,1.0,out,
2023-01-11  14:14:37, Stairs,1.0,1.0,in,
2023-01-11  14:15:40, Stairs,1.0,1.0,in,
2023-01-11  14:16:33, Stairs,1.0,1.0,in,
2023-01-11  14:19:05, Stairs,1.0,1.0,in,
2023-01-11  14:19:31, Stairs,2.0,2.0,in/in,"two people come in back to back, about 6 seconds"
2023-01-11  14:20:24, Stairs,1.0,1.0,in,
2023-01-11  14:21:12, Stairs,1.0,1.0,in,
2023-01-11  14:21:30, Stairs,2.0,2.0,in/in,"two people come in back to back, about 4 seconds"
2023-01-11  14:21:40, Stairs,1.0,1.0,in,
2023-01-11  14:22:34, Stairs,1.0,1.0,in,
2023-01-11  14:22:48, Stairs,1.0,1.0,out,
2023-01-11  14:24:39, Stairs,1.0,1.0,in,
2023-01-11  14:24:51, Stairs,1.0,1.0,in,
2023-01-11  14:26:03, Stairs,1.0,1.0,in,
2023-01-11  14:30:01, Stairs,1.0,1.0,in,
2023-01-11  14:30:45, Stairs,1.0,1.0,in,
2023-01-11  14:30:48, Stairs,1.0,1.0,in,
2023-01-11  14:34:10, Stairs,1.0,1.0,out,
2023-01-11  14:35:13, Stairs,1.0,1.0,out,
2023-01-11  14:38:47, Stairs,1.0,1.0,in,
2023-01-11  14:39:15, Stairs,1.0,1.0,out,
2023-01-11  14:45:29, Stairs,1.0,1.0,in,
2023-01-11  14:45:36, Stairs,1.0,1.0,out,person from last event changes back to going out
2023-01-11  14:46:04, Stairs,1.0,1.0,in,"in to amy's lab, pause by door"
2023-01-11  14:49:06, Stairs,1.0,1.0,pbin,out of amy's lab to down the hall
2023-01-11  14:49:51, Stairs,1.0,1.0,pbin,back into amy's lab
2023-01-11  15:00:31, Stairs,1.0,1.0,in,"in to amy's lab, pause by door"
2023-01-12  05:32:19, Stairs,1.0,1.0,in,
2023-01-12  07:29:43, Stairs,1.0,1.0,in,
2023-01-12  08:03:19, Stairs,1.0,1.0,in,in to amy's lab
2023-01-12  08:16:03, Stairs,1.0,1.0,out,out of amy's lab
2023-01-12  08:17:25, Stairs,1.0,1.0,in,in to amy's lab
2023-01-12  08:38:32, Stairs,1.0,1.0,out,
2023-01-12  08:43:21, Stairs,1.0,1.0,out,out of amy's lab
2023-01-12  08:44:59, Stairs,1.0,1.0,in,in to amy's lab
2023-01-12  08:49:46, Stairs,1.0,1.0,in,
2023-01-12  08:51:24, Stairs,2.0,2.0,in/in,"two people walk in, back to back about 5 seconds"
2023-01-12  08:52:16, Stairs,1.0,1.0,in,
2023-01-12  09:01:35, Stairs,1.0,1.0,pbin,out of amy's lab
2023-01-12  09:03:39, Stairs,1.0,1.0,pbin,back to amys lab from the hall
2023-01-12  09:07:28, Stairs,2.0,2.0,in/in,two people walk in together side by side
2023-01-12  09:08:28, Stairs,2.0,2.0,in/in,two people walk in back to back
2023-01-12  09:14:45, Stairs,2.0,2.0,in/in,"two people walk in back to back, a couple of seconds apart"
2023-01-12  09:17:26, Stairs,1.0,1.0,in,
2023-01-12  09:18:11, Stairs,1.0,1.0,out,out of amy's lab
2023-01-12  09:18:27, Stairs,1.0,1.0,in,
2023-01-12  09:20:23, Stairs,2.0,2.0,in/in,"two people walk in back to back, a couple of seconds apart"
2023-01-12  09:23:48, Stairs,1.0,1.0,in,
2023-01-12  09:24:17, Stairs,2.0,2.0,in/in,two people walk in back to back
2023-01-12  09:25:42, Stairs,1.0,1.0,in,
2023-01-12  09:27:55, Stairs,1.0,1.0,out,
2023-01-12  09:28:04, Stairs,2.0,2.0,in/in,two people walk in back to back
2023-01-12  09:28:16, Stairs,1.0,1.0,out,
2023-01-12  09:28:59, Stairs,1.0,1.0,in,
2023-01-12  09:29:28, Stairs,1.0,1.0,out,
2023-01-12  09:30:15, Stairs,1.0,1.0,in,
2023-01-12  09:30:19, Stairs,1.0,1.0,in,probably lumped in with the last one
2023-01-12  09:30:44, Stairs,1.0,1.0,in,
2023-01-12  10:11:53, Stairs,1.0,3.0,uturn,person goes out then turns back around in 6 seconds
2023-01-12  10:12:58, Stairs,1.0,1.0,out,out of amy's lab
2023-01-12  10:15:21, Stairs,1.0,1.0,in,in to amy's lab
2023-01-12  10:21:08, Stairs,1.0,1.0,in,
2023-01-12  10:21:17, Stairs,1.0,1.0,out,
2023-01-12  10:25:42, Stairs,1.0,1.0,in,
2023-01-12  10:28:03, Stairs,1.0,1.0,out,
2023-01-12  10:30:14, Stairs,1.0,1.0,in,
2023-01-12  10:30:54, Stairs,1.0,1.0,in,
2023-01-12  10:31:22, Stairs,1.0,1.0,in,
2023-01-12  10:32:23, Stairs,1.0,3.0,uturn,
2023-01-12  10:40:55, Stairs,2.0,2.0,in/in,two people walk in back to back
2023-01-12  10:42:34, Stairs,2.0,2.0,in/in,two people walk in back to back
2023-01-12  10:43:27, Stairs,1.0,1.0,in,
2023-01-12  10:44:59, Stairs,1.0,1.0,in,
2023-01-12  10:45:24, Stairs,1.0,1.0,out,
2023-01-12  10:47:51, Stairs,1.0,1.0,in,
2023-01-12  10:48:13, Stairs,3.0,3.0,out/in,"three people total, two people walk in as one person walks out, about 10 seconds"
2023-01-12  10:50:24, Stairs,4.0,2.0,in/in,four people walk in back to back about 9 seconds
2023-01-12  10:54:09, Stairs,2.0,3.0,out/pbin,"two people, one walks out then one leaves amy's lab for a far pbin in (might not catch this one"
2023-01-12  10:55:17, Stairs,3.0,2.0,in/in,three people walk in back to back around 10 seconds
2023-01-12  10:55:44, Stairs,2.0,2.0,in/in,two people walk in back to back
2023-01-12  10:55:56, Stairs,1.0,1.0,pbin,hall to amy's lab
2023-01-12  10:58:15, Stairs,1.0,1.0,in,
2023-01-12  11:01:15, Stairs,1.0,1.0,in,
2023-01-12  11:16:53, Stairs,1.0,1.0,out,out of amy's lab
2023-01-12  11:19:13, Stairs,1.0,1.0,out,out of amy's lab
2023-01-12  11:33:51, Stairs,1.0,1.0,in,
2023-01-12  11:36:59, Stairs,1.0,1.0,in,
2023-01-12  11:37:09, Stairs,1.0,1.0,out,
2023-01-12  11:45:18, Stairs,1.0,1.0,in,
2023-01-12  11:52:05, Stairs,1.0,1.0,in,in to amy's lab
2023-01-12  11:52:55, Stairs,1.0,4.0,pbin/no_event,leaving amy's lab to a far pbin down the hall
2023-01-12  11:54:48, Stairs,1.0,1.0,pbin,
2023-01-12  12:00:08, Stairs,1.0,1.0,in,
2023-01-12  12:00:16, Stairs,1.0,1.0,out,
2023-01-12  12:00:31, Stairs,1.0,1.0,out,
2023-01-12  12:00:54, Stairs,3.0,2.0,out/out,three people walk out back to back about 7 seconds
2023-01-12  12:01:04, Stairs,4.0,2.0,out/out,four people walk in back to back about 14 seconds
2023-01-12  12:01:28, Stairs,1.0,1.0,out,slowly
2023-01-12  12:01:46, Stairs,5.0,2.0,out/out,five people walk out back to back about 11 seconds
2023-01-12  12:05:01, Stairs,2.0,2.0,in/in,two people walk in back to back
2023-01-12  12:06:52, Stairs,1.0,1.0,in,
2023-01-12  12:07:00, Stairs,1.0,1.0,out,
2023-01-12  12:09:52, Stairs,1.0,1.0,out,out of amy's lab
2023-01-12  12:11:25, Stairs,2.0,2.0,in/in,two people walk in back to back about 7 seconds
2023-01-12  12:11:35, Stairs,4.0,2.0,in/in,four people walk in back to back about 9 seconds
2023-01-12  12:11:50, Stairs,1.0,1.0,in,
2023-01-12  12:13:59, Stairs,3.0,2.0,in/in,three people walk out back to back about 6 seconds
2023-01-12  12:14:49, Stairs,3.0,2.0,in/in,three people walk out back to back about 7 seconds
2023-01-12  12:15:18, Stairs,1.0,1.0,in,
2023-01-12  12:15:42, Stairs,1.0,1.0,in,
2023-01-12  12:15:56, Stairs,1.0,1.0,out,
2023-01-12  12:17:40, Stairs,1.0,1.0,in,
2023-01-12  12:21:10, Stairs,1.0,1.0,in,
2023-01-12  12:21:59, Stairs,2.0,2.0,in/in,two people walk in back to back
2023-01-12  12:22:30, Stairs,2.0,3.0,in/out,"one person comes in to amy's lab then one person walks out, about 10 seconds"
2023-01-12  12:27:51, Stairs,1.0,1.0,out,
2023-01-12  12:29:27, Stairs,1.0,1.0,in,
2023-01-12  12:29:34, Stairs,1.0,1.0,in,
2023-01-12  12:29:54, Stairs,1.0,1.0,in,
2023-01-12  12:33:30, Stairs,1.0,1.0,in,
2023-01-12  12:41:51, Stairs,1.0,1.0,in,
2023-01-12  12:55:38, Stairs,1.0,1.0,in,
2023-01-12  13:05:37, Stairs,1.0,1.0,out,out of amy's lab
2023-01-12  13:07:59, Stairs,1.0,1.0,in,in to amy's lab
2023-01-12  13:18:28, Stairs,1.0,1.0,in,
2023-01-12  13:25:53, Stairs,1.0,1.0,out,
2023-01-12  13:28:53, Stairs,1.0,1.0,in,
2023-01-12  13:31:49, Stairs,2.0,2.0,out/out,"two people go out, back to back"
2023-01-12  13:32:09, Stairs,7.0,2.0,out/out,seven people exit back to back about 12 seconds 
2023-01-12  13:33:42, Stairs,1.0,1.0,out,
2023-01-12  13:39:05, Stairs,2.0,2.0,in/in,two people walk in back to back in to amy's lab
2023-01-12  13:41:12, Stairs,3.0,2.0,in/in,three people walk in back to back around 7 seconds
2023-01-12  13:41:35, Stairs,1.0,1.0,in,
2023-01-12  13:42:11, Stairs,1.0,1.0,out,
2023-01-12  13:42:34, Stairs,7.0,2.0,in/in,seven people entering back to back about 16 seconds 
2023-01-12  13:45:12, Stairs,1.0,1.0,in,
2023-01-12  13:46:09, Stairs,1.0,1.0,out,
2023-01-12  13:47:26, Stairs,1.0,1.0,in,
2023-01-12  13:47:56, Stairs,1.0,1.0,in,
2023-01-12  13:49:39, Stairs,1.0,1.0,out,out of amy's lab
2023-01-12  13:50:02, Stairs,5.0,2.0,in/in,five people walk out back to back about 8 seconds
2023-01-12  13:50:53, Stairs,2.0,2.0,in/in,two people walk in back to back
2023-01-12  13:51:00, Stairs,1.0,1.0,in,
2023-01-12  13:53:14, Stairs,2.0,2.0,in/in,two people walk in back to back in to amy's lab about 8 seconds
2023-01-12  13:53:24, Stairs,1.0,1.0,out,
2023-01-12  13:53:29, Stairs,1.0,1.0,in,
2023-01-12  14:00:54, Stairs,1.0,1.0,in,
2023-01-12  14:01:31, Stairs,1.0,1.0,in,
2023-01-12  14:01:52, Stairs,1.0,1.0,out,
2023-01-12  14:03:11, Stairs,1.0,1.0,out,
2023-01-12  14:33:08, Stairs,1.0,1.0,out,out from amy's lab
2023-01-12  14:38:49, Stairs,1.0,1.0,in,in to amy's lab
2023-01-12  14:45:20, Stairs,1.0,1.0,out,out from amy's lab
2023-01-12  14:47:24, Stairs,1.0,1.0,in,
2023-01-12  14:49:03, Stairs,1.0,1.0,out,
2023-01-12  14:50:07, Stairs,1.0,1.0,in,
2023-01-12  14:51:58, Stairs,1.0,1.0,in,in to amy's lab
2023-01-12  14:55:35, Stairs,1.0,1.0,in,
2023-01-12  15:01:40, Stairs,1.0,1.0,out,
2023-01-12  15:01:43, Stairs,1.0,1.0,out,might get lumped with the last event
2023-01-12  15:02:14, Stairs,9.0,2.0,out/out,nine people exit out in about 14 seconds
2023-01-12  15:02:32, Stairs,8.0,2.0,out/out,eight people in 10 seconds
2023-01-12  15:02:43, Stairs,13.0,2.0,out/out,thirteen people in 20 seconds
2023-01-12  15:04:21, Stairs,1.0,1.0,out,
2023-01-12  15:05:05, Stairs,2.0,2.0,out/out,"two people go out, back to back"
2023-01-12  15:08:37, Stairs,1.0,1.0,out,out from amy's lab
2023-01-12  15:09:40, Stairs,1.0,1.0,out,out from amy's lab
2023-01-12  15:09:53, Stairs,1.0,1.0,in,
2023-01-12  15:12:49, Stairs,2.0,2.0,in/in,"two people walk in, back to back about 5 seconds"
2023-01-12  15:15:00, Stairs,1.0,1.0,in,
2023-01-12  15:17:09, Stairs,1.0,3.0,pbin/linger/out,"one person lingers waiting on a second person to then follow them out of the door, about 8 seconds"
2023-01-12  15:26:13, Stairs,1.0,1.0,out,
2023-01-12  15:32:19, Stairs,1.0,1.0,out,out from amy's lab
2023-01-12  16:10:03, Stairs,1.0,1.0,out,
2023-01-12  16:10:13, Stairs,1.0,1.0,in,
2023-01-12  16:25:59, Stairs,1.0,1.0,out,out from amy's lab
2023-01-12  16:35:08, Stairs,1.0,1.0,in,
2023-01-12  16:41:43, Stairs,1.0,1.0,out,
2023-01-12  16:45:12, Stairs,1.0,1.0,out,
2023-01-12  16:48:57, Stairs,1.0,1.0,in,
2023-01-12  17:06:59, Stairs,1.0,1.0,out,
2023-01-12  17:16:58, Stairs,1.0,4.0,pbin/no_event,"you see the shoe in the image, then jacob goes off screen into the lab"
2023-01-12  17:17:31, Stairs,1.0,1.0,out,
2023-01-12  17:53:38, Stairs,1.0,1.0,in,
2023-01-12  17:59:15, Stairs,1.0,1.0,in,
2023-01-12  18:01:53, Stairs,1.0,1.0,out,
2023-01-12  18:15:50, Stairs,1.0,1.0,out,
2023-01-12  18:30:56, Stairs,1.0,1.0,out,
2023-01-12  18:34:36, Stairs,1.0,1.0,in,
2023-01-12  18:48:08, Stairs,1.0,3.0,pbin/linger,Nicole Adjusting the camera for 11 seconds
2023-01-12  19:12:25, Stairs,1.0,1.0,out,
2023-01-12  19:12:39, Stairs,1.0,1.0,in,
2023-01-12  19:18:31, Stairs,1.0,1.0,out,
2023-01-13  06:05:13, Stairs,,,no_event,
2023-01-13  08:40:29, Stairs,1.0,1.0,in,
2023-01-13  08:40:42, Stairs,1.0,1.0,in,
2023-01-13  08:47:24, Stairs,1.0,1.0,out,
2023-01-13  08:58:09, Stairs,1.0,1.0,in,
2023-01-13  09:00:35, Stairs,1.0,1.0,out,
2023-01-13  09:02:45, Stairs,1.0,1.0,out,
2023-01-13  09:07:10, Stairs,1.0,1.0,out,
2023-01-13  09:08:50, Stairs,1.0,1.0,in,
2023-01-13  09:09:34, Stairs,1.0,1.0,out,
2023-01-13  09:22:52, Stairs,1.0,1.0,in,
2023-01-13  09:49:34, Stairs,1.0,1.0,in,
2023-01-13  09:51:41, Stairs,2.0,2.0,in/in,"two people walk in back to back, about 6 seconds"
2023-01-13  09:55:21, Stairs,1.0,1.0,in,
2023-01-13  09:56:02, Stairs,1.0,1.0,in,
2023-01-13  09:56:07, Stairs,1.0,1.0,in,
2023-01-13  09:57:43, Stairs,2.0,2.0,in/in,"two people walk in back to back, about 8 seconds"
2023-01-13  09:58:38, Stairs,1.0,1.0,in,
2023-01-13  10:00:03, Stairs,1.0,,pbin/out,"pbin then spins then goes out, about 6 seconds"
2023-01-13  10:00:15, Stairs,1.0,1.0,in,
2023-01-13  10:01:55, Stairs,1.0,1.0,in,
2023-01-13  10:03:06, Stairs,1.0,1.0,in,
2023-01-13  10:03:22, Stairs,1.0,1.0,in,
2023-01-13  10:03:34, Stairs,1.0,1.0,in,
2023-01-13  10:04:31, Stairs,1.0,1.0,in,
2023-01-13  10:05:14, Stairs,1.0,1.0,in,
2023-01-13  10:06:49, Stairs,1.0,1.0,in,
2023-01-13  10:25:16, Stairs,1.0,1.0,in,in to amy's lab
2023-01-13  10:36:22, Stairs,1.0,1.0,in,
2023-01-13  10:39:18, Stairs,1.0,1.0,out,
2023-01-13  10:45:36, Stairs,1.0,,pbin/no_event,uturn on the far pbin side
2023-01-13  10:46:23, Stairs,1.0,1.0,out,
2023-01-13  10:55:39, Stairs,1.0,1.0,in,
2023-01-13  10:56:53, Stairs,1.0,1.0,in,
2023-01-13  10:57:27, Stairs,1.0,1.0,in,
2023-01-13  10:57:47, Stairs,3.0,2.0,out/out,three people walk out back to back about 10 seconds
2023-01-13  10:57:59, Stairs,2.0,2.0,out/out,"two people walk in back to back, about 6 seconds"
2023-01-13  10:58:09, Stairs,1.0,1.0,out,might get lumped in with the last event
2023-01-13  10:58:32, Stairs,3.0,2.0,out/out,three people walk out back to back about 6 seconds
2023-01-13  10:58:59, Stairs,1.0,,pbin/spin/out,person pbins then spins around then exits out  about 6 seconds
2023-01-13  10:59:56, Stairs,1.0,1.0,in,
2023-01-13  11:01:20, Stairs,1.0,1.0,in,
2023-01-13  11:04:10, Stairs,1.0,1.0,in,
2023-01-13  11:04:14, Stairs,1.0,1.0,in,probably lumped with the last one
2023-01-13  11:07:45, Stairs,1.0,1.0,in,
2023-01-13  11:08:04, Stairs,1.0,1.0,in,
2023-01-13  11:08:29, Stairs,1.0,1.0,in,
2023-01-13  11:09:07, Stairs,1.0,1.0,in,
2023-01-13  11:09:15, Stairs,1.0,1.0,out,
2023-01-13  11:11:00, Stairs,1.0,1.0,in,
2023-01-13  11:18:51, Stairs,1.0,1.0,out,out of amy's lab
2023-01-13  11:21:55, Stairs,1.0,1.0,in,
2023-01-13  11:46:44, Stairs,1.0,1.0,in,in to amy's lab
2023-01-13  11:50:34, Stairs,1.0,1.0,in,
2023-01-13  11:54:04, Stairs,1.0,1.0,in,
2023-01-13  11:59:24, Stairs,2.0,2.0,out/out,two people walk out back to back about 7 seconds
2023-01-13  11:59:36, Stairs,5.0,2.0,out/out,five people walk out back to back about 13 seconds
2023-01-13  11:59:49, Stairs,3.0,2.0,out/out,three people walk out back to back about 6 seconds
2023-01-13  11:59:57, Stairs,1.0,1.0,out,
2023-01-13  12:02:10, Stairs,1.0,1.0,in,
2023-01-13  12:28:37, Stairs,1.0,1.0,in,
2023-01-13  12:31:08, Stairs,1.0,1.0,out,
2023-01-13  12:51:25, Stairs,1.0,1.0,in,
2023-01-13  12:51:44, Stairs,1.0,1.0,out,
2023-01-13  13:39:38, Stairs,1.0,1.0,in,in to amy's lab
2023-01-13  13:47:09, Stairs,1.0,1.0,out,out of amy's lab
2023-01-13  13:52:47, Stairs,1.0,1.0,in,in to amy's lab
2023-01-13  13:57:02, Stairs,1.0,1.0,pbin,from amy's lab
2023-01-13  14:29:06, Stairs,1.0,1.0,in,
2023-01-13  14:29:41, Stairs,1.0,1.0,out,
2023-01-13  14:45:38, Stairs,1.0,,pbin/no_event,
2023-01-13  14:46:48, Stairs,1.0,1.0,out,
2023-01-13  14:56:23, Stairs,1.0,1.0,in,in to amy's lab
2023-01-13  15:44:09, Stairs,1.0,1.0,out,
2023-01-13  15:46:35, Stairs,1.0,1.0,in,
2023-01-13  16:02:19, Stairs,,,no_event,lab door is open with shadow in spotlight from window
2023-01-13  16:30:25, Stairs,1.0,2.0,out/out,"two people exit amy's lab with several secs between, about 9 seconds"
2023-01-13  17:01:11, Stairs,1.0,1.0,in,
2023-01-13  17:03:28, Stairs,1.0,1.0,in,
2023-01-13  17:12:11, Stairs,1.0,1.0,out,
2023-01-13  17:27:28, Stairs,1.0,1.0,out,
2023-01-13  17:41:19, Stairs,1.0,1.0,out,
2023-01-13  17:44:29, Stairs,,,pbin/no_event,"foot in image, might not trigger system"
2023-01-13  17:46:55, Stairs,1.0,3.0,pbin/linger,"same person still lingering on the pbin side, just gets closer to the sensors"
2023-01-13  17:48:38, Stairs,,,pbin/linger,"Dr. Dean still lingering under the sensor from before, gets really reall close now"
2023-01-13  17:51:08, Stairs,,,linger/out,"dr. Dean finishes his linger then exits, all the time later lol"
2023-01-13  18:39:18, Stairs,1.0,1.0,out,
2023-01-15  22:04:36, Stairs,1.0,1.0,in,
2023-01-15  22:05:00, Stairs,1.0,1.0,out,
2023-01-16  08:52:40, Stairs,1.0,1.0,in,going in to amys lab
2023-01-16  09:41:12, Stairs,1.0,1.0,pbin,out of amys lab to down the hall
2023-01-16  09:48:07, Stairs,1.0,1.0,pbin,from the hall to amy's lab
2023-01-16  10:59:38, Stairs,1.0,1.0,in,
2023-01-16  11:09:37, Stairs,1.0,1.0,out,coming out of amy''s lab
2023-01-16  11:11:06, Stairs,1.0,1.0,in,in to amy's lab
2023-01-16  11:27:28, Stairs,1.0,1.0,out,dr.dean
2023-01-16  11:29:34, Stairs,1.0,1.0,in,dr.dean
2023-01-16  11:37:42, Stairs,1.0,4.0,pbin/no_event,coming out of amy's lab then goes to far pbin
2023-01-16  11:42:55, Stairs,1.0,1.0,pbin,coming to amy's lab from the hall
2023-01-16  11:43:57, Stairs,1.0,1.0,out,out of amy's lab
2023-01-16  11:58:56, Stairs,1.0,1.0,out,
2023-01-16  12:15:27, Stairs,1.0,1.0,in,in to amy's lab
2023-01-16  12:15:58, Stairs,1.0,4.0,pbin/no_event,coming out of amy's lab then goes to far pbin
2023-01-16  12:18:04, Stairs,1.0,1.0,pbin,coming to amy's lab from the hall
2023-01-16  12:34:49, Stairs,1.0,4.0,pbin/no_event,coming out of amy's lab then goes to far pbin
2023-01-16  12:36:35, Stairs,1.0,1.0,pbin,coming to amy's lab from the hall
2023-01-16  12:53:38, Stairs,1.0,4.0,pbin/no_event,coming out of amy''s lab
2023-01-16  12:55:17, Stairs,1.0,1.0,pbin,coming to amy's lab from the hall
2023-01-16  13:11:09, Stairs,1.0,1.0,pbin,coming out of amy's lab then goes to far pbin
2023-01-16  13:19:42, Stairs,1.0,1.0,pbin,coming to amy's lab from the hall
2023-01-16  13:49:36, Stairs,1.0,1.0,in,in to amy's lab
2023-01-16  13:53:04, Stairs,1.0,1.0,in,
2023-01-16  14:28:41, Stairs,1.0,4.0,pbin/no_event,coming out of amy's lab then goes to far pbin
2023-01-16  14:33:30, Stairs,1.0,1.0,pbin,going in to amys lab
2023-01-16  14:38:29, Stairs,1.0,1.0,in,
2023-01-16  14:40:20, Stairs,1.0,1.0,out,
2023-01-16  14:41:36, Stairs,1.0,1.0,out,coming out of amy''s lab
2023-01-16  14:43:01, Stairs,1.0,1.0,in,
2023-01-16  14:50:03, Stairs,1.0,1.0,in,going in to amys lab
2023-01-16  15:15:53, Stairs,1.0,1.0,out,out of amy's lab
2023-01-16  15:17:42, Stairs,1.0,1.0,in,going in to amys lab
2023-01-16  15:39:49, Stairs,1.0,1.0,out,
2023-01-16  15:53:46, Stairs,1.0,1.0,out,
2023-01-16  15:55:26, Stairs,1.0,1.0,in,
2023-01-16  16:20:28, Stairs,1.0,1.0,in,
2023-01-16  16:22:10, Stairs,1.0,4.0,pbin/no_event,
2023-01-16  16:27:08, Stairs,2.0,2.0,out/out,"two people walk out from amy's lab, about 9 seconds"
2023-01-16  16:27:26, Stairs,1.0,1.0,out,
2023-01-16  16:57:24, Stairs,1.0,1.0,out,
2023-01-16  21:20:46, Stairs,1.0,1.0,in,
2023-01-17  05:52:00, Stairs,1.0,1.0,in,
2023-01-17  06:03:23, Stairs,1.0,1.0,out,
2023-01-17  06:06:38, Stairs,1.0,1.0,in,
2023-01-17  07:24:30, Stairs,1.0,1.0,out,
2023-01-17  07:26:25, Stairs,1.0,1.0,in,
2023-01-17  07:31:27, Stairs,1.0,1.0,in,
2023-01-17  07:36:28, Stairs,1.0,1.0,out,
2023-01-17  07:40:20, Stairs,1.0,1.0,in,
2023-01-17  07:43:00, Stairs,1.0,1.0,in,
2023-01-17  07:52:33, Stairs,2.0,2.0,in/in,"two people walk in back to back, about 5 seconds"
2023-01-17  07:54:16, Stairs,2.0,2.0,in/in,"two people walk in back to back, about 5 seconds"
2023-01-17  07:59:30, Stairs,1.0,1.0,in,
2023-01-17  08:42:36, Stairs,1.0,1.0,in,
2023-01-17  08:45:51, Stairs,1.0,1.0,in,
2023-01-17  08:51:53, Stairs,1.0,1.0,out,
2023-01-17  08:55:25, Stairs,1.0,1.0,in,
2023-01-17  09:00:41, Stairs,1.0,1.0,in,
2023-01-17  09:01:21, Stairs,1.0,1.0,in,
2023-01-17  09:02:51, Stairs,1.0,1.0,in,goes into amys lab
2023-01-17  09:07:42, Stairs,1.0,1.0,in,
2023-01-17  09:09:21, Stairs,1.0,1.0,in,
2023-01-17  09:09:39, Stairs,1.0,1.0,in,
2023-01-17  09:12:47, Stairs,1.0,1.0,out,
2023-01-17  09:14:21, Stairs,1.0,1.0,in,
2023-01-17  09:14:51, Stairs,1.0,1.0,in,
2023-01-17  09:16:10, Stairs,1.0,1.0,in,
2023-01-17  09:16:44, Stairs,1.0,1.0,in,
2023-01-17  09:19:08, Stairs,1.0,1.0,in,
2023-01-17  09:21:02, Stairs,1.0,1.0,in,
2023-01-17  09:21:13, Stairs,1.0,1.0,in,
2023-01-17  09:21:45, Stairs,2.0,2.0,in/in,"two people walk in back to back, about 6 seconds"
2023-01-17  09:22:24, Stairs,2.0,2.0,in/in,"two people walk in side by side, about 4 seconds"
2023-01-17  09:23:08, Stairs,2.0,2.0,in/in,"two people walk in back to back, about 6 seconds"
2023-01-17  09:23:46, Stairs,1.0,1.0,in,
2023-01-17  09:25:29, Stairs,1.0,1.0,out,
2023-01-17  09:28:25, Stairs,1.0,1.0,in,
2023-01-17  09:28:50, Stairs,1.0,1.0,in,
2023-01-17  09:33:39, Stairs,1.0,1.0,in,
2023-01-17  09:33:46, Stairs,1.0,1.0,out,
2023-01-17  09:35:03, Stairs,1.0,1.0,in,
2023-01-17  10:02:20, Stairs,1.0,1.0,in,
2023-01-17  10:05:01, Stairs,1.0,1.0,pbin,out of amys lab
2023-01-17  10:09:18, Stairs,1.0,1.0,pbin,in to amys lab
2023-01-17  10:12:32, Stairs,1.0,1.0,in,slowly looking at the cards on the floor
2023-01-17  10:15:07, Stairs,1.0,1.0,out,
2023-01-17  10:25:00, Stairs,1.0,1.0,in,
2023-01-17  10:25:04, Stairs,3.0,2.0,in/in,three people walk in about 8 seconds
2023-01-17  10:25:13, Stairs,,,,
2023-01-17  10:26:38, Stairs,1.0,1.0,pbin,Nicole messes with camera for a few seconds
2023-01-17  10:27:01, Stairs,,,in,
2023-01-17  10:27:40, Stairs,,,in,
2023-01-17  10:28:57, Stairs,,,in,
2023-01-17  10:32:45, Stairs,,,in,
2023-01-17  10:34:53, Stairs,,,,
2023-01-17  10:34:55, Stairs,,,,
2023-01-17  10:34:56, Stairs,,,,
2023-01-17  10:35:14, Stairs,,,,
2023-01-17  10:37:11, Stairs,,,out,
2023-01-17  10:46:39, Stairs,,,,
2023-01-17  10:46:41, Stairs,,,out,
2023-01-17  10:47:51, Stairs,,,in/in,two people walk in back to back
2023-01-17  10:47:56, Stairs,,,,
2023-01-17  10:52:09, Stairs,,,in,
2023-01-17  10:52:15, Stairs,,,,
2023-01-17  10:56:48, Stairs,,,,
2023-01-17  11:00:42, Stairs,,,in,in to amy's lab
2023-01-17  11:00:47, Stairs,,,,
2023-01-17  11:00:48, Stairs,,,,
2023-01-17  11:00:49, Stairs,,,,
2023-01-17  11:00:54, Stairs,,,in,
2023-01-17  11:00:58, Stairs,,,uturn,out then in about 6 seconds
2023-01-17  11:01:45, Stairs,,,,
2023-01-17  11:01:48, Stairs,,,out,
2023-01-17  11:03:18, Stairs,,,in,
2023-01-17  11:07:24, Stairs,,,,
2023-01-17  11:07:27, Stairs,,,,
2023-01-17  11:07:28, Stairs,,,pbin,out of amy's lab
2023-01-17  11:09:08, Stairs,,,pbin,back to amy's lab
2023-01-17  11:09:14, Stairs,,,,
2023-01-17  11:09:15, Stairs,,,,
2023-01-17  11:13:06, Stairs,,,in/in,two people walk in back to back about 6 seconds
2023-01-17  11:13:12, Stairs,,,,
2023-01-17  11:14:04, Stairs,,,out,
2023-01-17  11:14:09, Stairs,,,,
2023-01-17  11:14:11, Stairs,,,out,
2023-01-17  11:21:04, Stairs,,,in,
2023-01-17  11:21:08, Stairs,,,,
2023-01-17  11:21:09, Stairs,,,,
2023-01-17  11:25:05, Stairs,,,,
2023-01-17  11:25:08, Stairs,,,out,
2023-01-17  11:28:59, Stairs,,,out,
2023-01-17  11:33:42, Stairs,,,out,
2023-01-17  11:44:03, Stairs,,,in,
2023-01-17  11:44:08, Stairs,,,,
2023-01-17  11:44:55, Stairs,,,,
2023-01-17  11:46:27, Stairs,,,,
2023-01-17  11:50:46, Stairs,,,out/out,two people exit amy's lab out about 8 seconds
2023-01-17  11:54:41, Stairs,,,in,
2023-01-17  11:55:22, Stairs,,,out,
2023-01-17  11:57:32, Stairs,,,,
2023-01-17  11:57:33, Stairs,,,in,
2023-01-17  11:57:36, Stairs,,,,
2023-01-17  11:58:29, Stairs,,,,
2023-01-17  12:00:03, Stairs,,,out,
2023-01-17  12:02:59, Stairs,,,out,
2023-01-17  12:03:10, Stairs,,,out/out,three people walk out about 8 seconds
2023-01-17  12:03:24, Stairs,,,out/out,two people walk out back to back about 6 seconds
2023-01-17  12:03:37, Stairs,,,,
2023-01-17  12:03:40, Stairs,,,out,
2023-01-17  12:03:44, Stairs,,,out,
2023-01-17  12:05:20, Stairs,,,,
2023-01-17  12:05:22, Stairs,,,out,
2023-01-17  12:07:31, Stairs,,,out/in,"five people are active in the doorway, different directions about 10 seconds"
2023-01-17  12:07:45, Stairs,,,,
2023-01-17  12:07:47, Stairs,,,out,
2023-01-17  12:09:42, Stairs,,,out/in,three people different directions about 9 seconds
2023-01-17  12:11:12, Stairs,,,in,
2023-01-17  12:11:16, Stairs,,,,
2023-01-17  12:12:13, Stairs,,,in,
2023-01-17  12:12:38, Stairs,,,,
2023-01-17  12:12:41, Stairs,,,out,
2023-01-17  12:13:10, Stairs,,,in,
2023-01-17  12:13:14, Stairs,,,,
2023-01-17  12:14:03, Stairs,,,in/in,five people walk in back to back about 11 seconds
2023-01-17  12:14:16, Stairs,,,,
2023-01-17  12:15:49, Stairs,,,in,
2023-01-17  12:15:53, Stairs,,,,
2023-01-17  12:16:15, Stairs,,,,
2023-01-17  12:16:17, Stairs,,,out,
2023-01-17  12:16:21, Stairs,,,,
2023-01-17  12:16:39, Stairs,,,in,
2023-01-17  12:16:43, Stairs,,,,
2023-01-17  12:16:44, Stairs,,,,
2023-01-17  12:17:19, Stairs,,,out,
2023-01-17  12:17:55, Stairs,,,in,
2023-01-17  12:17:59, Stairs,,,,
2023-01-17  12:18:50, Stairs,,,in/in,two people walk in side by side 
2023-01-17  12:19:17, Stairs,,,in,
2023-01-17  12:19:22, Stairs,,,in,
2023-01-17  12:19:32, Stairs,,,in,
2023-01-17  12:19:36, Stairs,,,in,
2023-01-17  12:19:40, Stairs,,,,
2023-01-17  12:20:02, Stairs,,,in,
2023-01-17  12:20:06, Stairs,,,,
2023-01-17  12:20:21, Stairs,,,out,
2023-01-17  12:20:27, Stairs,,,,
2023-01-17  12:21:02, Stairs,,,in/in,two people walk in back to back about 7 seconds
2023-01-17  12:21:40, Stairs,,,in,
2023-01-17  12:21:44, Stairs,,,,
2023-01-17  12:24:09, Stairs,,,,
2023-01-17  12:28:32, Stairs,,,in,
2023-01-17  12:28:43, Stairs,,,,
2023-01-17  12:28:46, Stairs,,,,
2023-01-17  12:30:42, Stairs,,,in,
2023-01-17  12:30:47, Stairs,,,,
2023-01-17  12:31:07, Stairs,,,out,
2023-01-17  12:31:28, Stairs,,,in,
2023-01-17  12:31:32, Stairs,,,,
2023-01-17  12:34:25, Stairs,,,in,
2023-01-17  12:34:29, Stairs,,,,
2023-01-17  12:38:53, Stairs,,,in/in,"two people walk in to amy's lab, linger a bit under the sensor while one opens the door, about 9 seconds"
2023-01-17  12:39:09, Stairs,,,in/in,three people walk in back to back about 9 seconds
2023-01-17  12:39:39, Stairs,,,out/out,two people walk out side by side
2023-01-17  12:41:00, Stairs,,,in,
2023-01-17  12:48:22, Stairs,,,pbin,out of amy's lab
2023-01-17  12:49:17, Stairs,,,pbin,out of amy's lab
2023-01-17  12:51:07, Stairs,,,pbin,in to amy's lab
2023-01-17  12:51:13, Stairs,,,,
2023-01-17  12:56:02, Stairs,,,,
2023-01-17  12:56:06, Stairs,,,out,
2023-01-17  13:03:34, Stairs,,,,
2023-01-17  13:05:39, Stairs,,,,
2023-01-17  13:08:27, Stairs,,,,
2023-01-17  13:09:28, Stairs,,,out,
2023-01-17  13:11:37, Stairs,,,in/pbin,two people one in the other to amy's lab at the same time
2023-01-17  13:11:45, Stairs,,,,
2023-01-17  13:11:57, Stairs,,,out,
2023-01-17  13:12:10, Stairs,,,in,
2023-01-17  13:14:32, Stairs,,,,
2023-01-17  13:14:37, Stairs,,,out,
2023-01-17  13:16:10, Stairs,,,in,in to amy's lab
2023-01-17  13:16:14, Stairs,,,,
2023-01-17  13:29:38, Stairs,,,in,
2023-01-17  13:29:43, Stairs,,,,
2023-01-17  13:31:25, Stairs,,,,
2023-01-17  13:31:26, Stairs,,,,
2023-01-17  13:32:18, Stairs,,,,
2023-01-17  13:32:19, Stairs,,,out,
2023-01-17  13:34:18, Stairs,,,in,
2023-01-17  13:35:37, Stairs,,,out/out,two people walk out back to back about 6 seconds
2023-01-17  13:35:44, Stairs,,,out/out,eleven people all walk out in about 20 seconds 
2023-01-17  13:36:41, Stairs,,,,
2023-01-17  13:37:07, Stairs,,,,
2023-01-17  13:37:08, Stairs,,,,
2023-01-17  13:38:39, Stairs,,,out/out,three people walk out back to back about 8s
2023-01-17  13:44:07, Stairs,,,in,
2023-01-17  13:46:47, Stairs,,,in,
2023-01-17  13:46:51, Stairs,,,,
2023-01-17  13:47:09, Stairs,,,in/in,three people walk in back to back about 8 seconds
2023-01-17  13:47:18, Stairs,,,,
2023-01-17  13:47:47, Stairs,,,in/in,seven people walk in about 14 seconds
2023-01-17  13:49:41, Stairs,,,in/in,three people walk in back to back 7 seconds
2023-01-17  13:49:49, Stairs,,,,
2023-01-17  13:50:01, Stairs,,,in/in,two people walk in side by side
2023-01-17  13:50:27, Stairs,,,,
2023-01-17  13:50:28, Stairs,,,in,
2023-01-17  13:50:59, Stairs,,,,
2023-01-17  13:51:01, Stairs,,,out,pauses a bit on pbin then goes out
2023-01-17  13:51:12, Stairs,,,in/in,eight people walk in about 19 seconds
2023-01-17  13:51:31, Stairs,,,,
2023-01-17  13:51:54, Stairs,,,in,
2023-01-17  13:51:57, Stairs,,,,
2023-01-17  13:52:10, Stairs,,,in,
2023-01-17  13:54:05, Stairs,,,,
2023-01-17  13:54:06, Stairs,,,in,
2023-01-17  13:54:13, Stairs,,,,
2023-01-17  13:55:52, Stairs,,,,
2023-01-17  13:55:53, Stairs,,,,
2023-01-17  13:55:56, Stairs,,,out,out of amy's lab
2023-01-17  13:57:38, Stairs,,,,
2023-01-17  13:57:59, Stairs,,,in,in to amy's lab
2023-01-17  13:58:04, Stairs,,,,
2023-01-17  13:59:04, Stairs,,,in,
2023-01-17  13:59:12, Stairs,,,,
2023-01-17  14:02:35, Stairs,,,,
2023-01-17  14:02:47, Stairs,,,,
2023-01-17  14:02:51, Stairs,,,out,out of amy's lab
2023-01-17  14:03:40, Stairs,,,,
2023-01-17  14:04:19, Stairs,,,in,in to amy's lab
2023-01-17  14:04:23, Stairs,,,,
2023-01-17  14:04:24, Stairs,,,,
2023-01-17  14:19:12, Stairs,,,out,
2023-01-17  14:21:40, Stairs,,,in,
2023-01-17  14:23:36, Stairs,,,,
2023-01-17  14:23:37, Stairs,,,,
2023-01-17  14:23:42, Stairs,,,pbin,from amy's lab
2023-01-17  14:24:15, Stairs,,,pbin,to amy's lab
2023-01-17  14:24:20, Stairs,,,,
2023-01-17  14:24:21, Stairs,,,,
2023-01-17  14:25:20, Stairs,,,out,
2023-01-17  14:26:16, Stairs,,,,
2023-01-17  14:33:42, Stairs,,,out,
2023-01-17  14:51:33, Stairs,,,out,
2023-01-17  14:53:04, Stairs,,,in,
2023-01-17  14:55:00, Stairs,,,,
2023-01-17  14:55:40, Stairs,,,in,
2023-01-17  14:56:24, Stairs,,,,
2023-01-17  14:56:26, Stairs,,,out,
2023-01-17  14:57:02, Stairs,,,out,
2023-01-17  15:00:36, Stairs,,,,
2023-01-17  15:00:38, Stairs,,,out,
2023-01-17  15:01:02, Stairs,,,,
2023-01-17  15:01:06, Stairs,,,out/out,four people exit out around 13s
2023-01-17  15:01:21, Stairs,,,out/out,fourteen people exit about 22s
2023-01-17  15:01:43, Stairs,,,,
2023-01-17  15:01:49, Stairs,,,out/out,two people walk out side by side
2023-01-17  15:02:48, Stairs,,,out,
2023-01-17  15:03:01, Stairs,,,out/out,three people walk out 7s
2023-01-17  15:04:00, Stairs,,,out,
2023-01-17  15:04:35, Stairs,,,,
2023-01-17  15:04:43, Stairs,,,out/out,two people walk out back to back 6s
2023-01-17  15:07:22, Stairs,,,out,
2023-01-17  15:09:45, Stairs,,,in,
2023-01-17  15:09:50, Stairs,,,,
2023-01-17  15:10:57, Stairs,,,,
2023-01-17  15:10:59, Stairs,,,out,
2023-01-17  15:11:13, Stairs,,,out,
2023-01-17  15:14:57, Stairs,,,out,
2023-01-17  15:15:13, Stairs,,,,
2023-01-17  15:16:39, Stairs,,,,
2023-01-17  15:19:42, Stairs,,,,
2023-01-17  15:19:49, Stairs,,,,
2023-01-17  15:20:01, Stairs,,,,
2023-01-17  15:20:08, Stairs,,,,
2023-01-17  15:20:11, Stairs,,,,
2023-01-17  15:20:12, Stairs,,,pbin,out of amy's lab
2023-01-17  15:20:44, Stairs,,,in,
2023-01-17  15:20:48, Stairs,,,,
2023-01-17  15:21:01, Stairs,,,out,
2023-01-17  15:21:51, Stairs,,,,
2023-01-17  15:21:54, Stairs,,,pbin/no_event,into amy's lab
2023-01-17  15:23:02, Stairs,,,,
2023-01-17  15:23:03, Stairs,,,out,
2023-01-17  15:31:38, Stairs,,,in,
2023-01-17  15:34:32, Stairs,,,,
2023-01-17  15:34:36, Stairs,,,out,
2023-01-17  15:34:40, Stairs,,,,
2023-01-17  15:34:41, Stairs,,,,
2023-01-17  15:52:59, Stairs,,,in,
2023-01-17  15:53:47, Stairs,,,,
2023-01-17  15:53:48, Stairs,,,out,
2023-01-17  15:56:22, Stairs,,,,
2023-01-17  15:58:04, Stairs,,,,
2023-01-17  15:58:42, Stairs,,,,
2023-01-17  16:00:25, Stairs,,,,
2023-01-17  16:04:11, Stairs,,,in/in,two people walk in side by side
2023-01-17  16:04:18, Stairs,,,,
2023-01-17  16:05:25, Stairs,,,pbin/no_event,
2023-01-17  16:05:33, Stairs,,,pbin/no_event,same as last event
2023-01-17  16:05:36, Stairs,,,,
2023-01-17  16:05:37, Stairs,,,,
2023-01-17  16:06:03, Stairs,,,in,in to amy's lab
2023-01-17  16:06:10, Stairs,,,,
2023-01-17  16:06:11, Stairs,,,,
2023-01-17  16:06:15, Stairs,,,,
2023-01-17  16:07:30, Stairs,,,out/out,two people walk out back to back 6s
2023-01-17  16:07:37, Stairs,,,,
2023-01-17  16:13:44, Stairs,,,,
2023-01-17  16:15:31, Stairs,,,,
2023-01-17  16:17:48, Stairs,,,,
2023-01-17  16:18:57, Stairs,,,in/in,two people walk in back to back
2023-01-17  16:19:03, Stairs,,,in,
2023-01-17  16:19:08, Stairs,,,,
2023-01-17  16:20:08, Stairs,,,,
2023-01-17  16:20:09, Stairs,,,out/out,three people go out about 7s
2023-01-17  16:21:05, Stairs,,,,
2023-01-17  16:31:08, Stairs,,,pbin,out of amy's lab
2023-01-17  16:33:45, Stairs,,,pbin,in to amy's lab
2023-01-17  16:35:34, Stairs,,,out/out,two people walk out of any's lab about 11s
2023-01-17  16:36:23, Stairs,,,,
2023-01-17  16:36:54, Stairs,,,,
2023-01-17  16:36:55, Stairs,,,,
2023-01-17  16:37:05, Stairs,,,,
2023-01-17  16:38:47, Stairs,,,,
2023-01-17  16:42:15, Stairs,,,,
2023-01-17  16:42:16, Stairs,,,,
2023-01-17  16:42:19, Stairs,,,,
2023-01-17  16:42:20, Stairs,,,,
2023-01-17  16:44:10, Stairs,,,,
2023-01-17  16:46:45, Stairs,,,pbin/no_event,
2023-01-17  16:46:49, Stairs,,,,
2023-01-17  16:46:59, Stairs,,,,
2023-01-17  16:47:37, Stairs,,,,
2023-01-17  16:47:42, Stairs,,,,
2023-01-17  16:47:43, Stairs,,,,
2023-01-17  16:48:33, Stairs,,,,
2023-01-17  16:48:35, Stairs,,,,
2023-01-17  16:49:01, Stairs,,,,
2023-01-17  16:49:02, Stairs,,,,
2023-01-17  16:49:13, Stairs,,,,
2023-01-17  16:49:17, Stairs,,,,
2023-01-17  16:49:18, Stairs,,,,
2023-01-17  16:49:19, Stairs,,,,
2023-01-17  16:49:20, Stairs,,,,
2023-01-17  16:49:21, Stairs,,,,
2023-01-17  16:49:28, Stairs,,,,
2023-01-17  16:49:30, Stairs,,,,
2023-01-17  16:49:33, Stairs,,,,
2023-01-17  16:49:35, Stairs,,,,
2023-01-17  16:49:40, Stairs,,,,
2023-01-17  16:49:43, Stairs,,,,
2023-01-17  16:51:06, Stairs,,,,
2023-01-17  16:51:07, Stairs,,,,
2023-01-17  16:51:09, Stairs,,,,
2023-01-17  16:51:10, Stairs,,,out,
2023-01-17  16:53:31, Stairs,,,,
2023-01-17  16:53:32, Stairs,,,,
2023-01-17  16:53:34, Stairs,,,,
2023-01-17  16:53:37, Stairs,,,,
2023-01-17  16:55:54, Stairs,,,in,
2023-01-17  16:55:59, Stairs,,,,
2023-01-17  17:06:52, Stairs,,,out,
2023-01-17  17:12:07, Stairs,,,in,
2023-01-17  17:16:44, Stairs,,,out,
2023-01-17  17:21:24, Stairs,,,pbin/no_event,
2023-01-17  17:33:38, Stairs,,,in,
2023-01-17  17:33:42, Stairs,,,,
2023-01-17  17:34:01, Stairs,,,,
2023-01-17  17:34:19, Stairs,,,pbin/no_event,shadow in the light
2023-01-17  17:34:26, Stairs,,,pbin/no_event,same event as before but closer
2023-01-17  17:34:29, Stairs,,,,
2023-01-17  17:34:32, Stairs,,,,
2023-01-17  17:34:59, Stairs,,,,
2023-01-17  17:35:03, Stairs,,,,
2023-01-17  17:35:09, Stairs,,,,
2023-01-17  17:35:10, Stairs,,,pbin/no_event,
2023-01-17  17:35:18, Stairs,,,linger,pbin from last event lingers
2023-01-17  17:35:30, Stairs,,,linger,pbin from last event lingers
2023-01-17  17:35:31, Stairs,,,linger,pbin from last event lingers
2023-01-17  17:35:32, Stairs,,,linger,pbin from last event lingers
2023-01-17  17:35:34, Stairs,,,linger,pbin from last event lingers
2023-01-17  17:35:35, Stairs,,,linger,pbin from last event lingers
2023-01-17  17:35:36, Stairs,,,linger,pbin from last event lingers
2023-01-17  17:35:38, Stairs,,,linger,pbin from last event lingers
2023-01-17  17:35:40, Stairs,,,linger,pbin from last event lingers
2023-01-17  17:35:41, Stairs,,,linger,pbin from last event lingers
2023-01-17  17:35:42, Stairs,,,linger,pbin from last event lingers
2023-01-17  17:35:43, Stairs,,,linger/out,guy finally leaves
2023-01-17  17:35:51, Stairs,,,out,
2023-01-17  17:36:15, Stairs,,,in,
2023-01-17  17:36:22, Stairs,,,out,
2023-01-17  17:36:27, Stairs,,,,
2023-01-17  17:36:56, Stairs,,,in,
2023-01-17  17:36:59, Stairs,,,,
2023-01-17  17:39:34, Stairs,,,,
2023-01-17  17:50:26, Stairs,,,out,
2023-01-17  18:07:01, Stairs,,,in,
2023-01-17  18:18:10, Stairs,,,in,
2023-01-17  18:18:22, Stairs,,,,
2023-01-17  18:18:40, Stairs,,,,
2023-01-17  18:18:42, Stairs,,,out,
2023-01-17  18:26:41, Stairs,,,,
2023-01-17  18:26:43, Stairs,,,out,
2023-01-17  18:27:03, Stairs,,,out/in,two people walk out in different directions
2023-01-17  18:27:28, Stairs,,,,
2023-01-17  18:27:29, Stairs,,,,
2023-01-17  18:27:30, Stairs,,,out,
2023-01-17  20:05:15, Stairs,,,out,
2023-01-17  20:05:21, Stairs,,,,
2023-01-17  20:05:24, Stairs,,,,
2023-01-17  21:43:22, Stairs,,,,
2023-01-17  21:46:04, Stairs,,,,
2023-01-17  21:46:06, Stairs,,,,
2023-01-17  21:46:08, Stairs,,,,
2023-01-17  21:46:09, Stairs,,,,
2023-01-17  21:46:54, Stairs,,,,
2023-01-17  21:46:55, Stairs,,,,
2023-01-17  21:47:01, Stairs,,,,
2023-01-17  21:47:02, Stairs,,,,
2023-01-17  21:47:07, Stairs,,,,
2023-01-17  21:47:08, Stairs,,,,
2023-01-17  21:47:10, Stairs,,,,
2023-01-17  21:47:33, Stairs,,,,
2023-01-17  21:47:37, Stairs,,,,
2023-01-17  21:47:49, Stairs,,,,
2023-01-17  21:56:08, Stairs,,,pbin,janitor sweeping for 6s
2023-01-17  21:56:15, Stairs,,,,
2023-01-18  07:36:01, Stairs,1.0,1.0,in,
2023-01-18  07:36:05, Stairs,,,,
2023-01-18  07:36:44, Stairs,1.0,1.0,out,
2023-01-18  07:40:57, Stairs,1.0,1.0,in,
2023-01-18  07:41:02, Stairs,,,,
2023-01-18  07:41:05, Stairs,1.0,1.0,in,
2023-01-18  07:41:11, Stairs,,,,
2023-01-18  07:41:15, Stairs,1.0,1.0,out,
2023-01-18  07:42:48, Stairs,2.0,2.0,in/in,two people walk in back to back about 7 seconds
2023-01-18  07:42:57, Stairs,,,,
2023-01-18  07:42:58, Stairs,,,,
2023-01-18  07:42:59, Stairs,1.0,1.0,in,
2023-01-18  07:44:22, Stairs,1.0,1.0,in,
2023-01-18  07:44:28, Stairs,,,,
2023-01-18  07:45:41, Stairs,,,,
2023-01-18  07:45:42, Stairs,2.0,3.0,in/linger/in,"two people start to walk in linger then continue in, about 13 seconds"
2023-01-18  07:46:45, Stairs,1.0,1.0,in,
2023-01-18  07:46:49, Stairs,,,,
2023-01-18  07:47:19, Stairs,1.0,1.0,in,
2023-01-18  07:47:24, Stairs,,,,
2023-01-18  07:47:25, Stairs,,,,
2023-01-18  07:53:21, Stairs,,,in,
2023-01-18  07:53:25, Stairs,,,in,
2023-01-18  07:53:29, Stairs,,,,
2023-01-18  07:54:42, Stairs,,,in,
2023-01-18  07:55:38, Stairs,,,in,
2023-01-18  07:55:42, Stairs,,,,
2023-01-18  07:56:36, Stairs,,,in/in,three people walk in back to back about 9 seconds
2023-01-18  07:58:01, Stairs,,,in,
2023-01-18  07:58:05, Stairs,,,,
2023-01-18  07:58:06, Stairs,,,,
2023-01-18  07:58:45, Stairs,,,in,
2023-01-18  07:58:49, Stairs,,,,
2023-01-18  08:02:58, Stairs,,,in,
2023-01-18  08:03:02, Stairs,,,,
2023-01-18  08:08:17, Stairs,,,in,
2023-01-18  08:16:27, Stairs,,,in,
2023-01-18  08:16:31, Stairs,,,,
2023-01-18  08:16:32, Stairs,,,,
2023-01-18  08:17:45, Stairs,,,out,
2023-01-18  08:21:45, Stairs,,,in,
2023-01-18  08:21:50, Stairs,,,,
2023-01-18  08:35:25, Stairs,,,in,
2023-01-18  08:36:13, Stairs,,,in,
2023-01-18  08:36:18, Stairs,,,,
2023-01-18  08:42:13, Stairs,,,out,
2023-01-18  08:42:19, Stairs,,,out/out,sixteen people walk out back to back about 29 seconds (class let out)
2023-01-18  08:42:49, Stairs,,,out,
2023-01-18  08:42:56, Stairs,,,out/out,two more people walk out back to back
2023-01-18  08:43:12, Stairs,,,,
2023-01-18  08:43:15, Stairs,,,out/out,three more people walk out back to back about 9 seconds
2023-01-18  08:43:25, Stairs,,,,
2023-01-18  08:43:28, Stairs,,,out,
2023-01-18  08:44:18, Stairs,,,,
2023-01-18  08:44:21, Stairs,,,out,
2023-01-18  08:44:52, Stairs,,,in,
2023-01-18  08:51:04, Stairs,,,in,
2023-01-18  08:51:08, Stairs,,,,
2023-01-18  08:51:18, Stairs,,,,
2023-01-18  08:51:19, Stairs,,,in,
2023-01-18  08:51:24, Stairs,,,,
2023-01-18  08:52:52, Stairs,,,in,
2023-01-18  08:54:04, Stairs,,,in,
2023-01-18  08:54:08, Stairs,,,,
2023-01-18  08:54:56, Stairs,,,in/in,two people walk in back to back about 9 seconds
2023-01-18  08:56:10, Stairs,,,in,
2023-01-18  08:56:15, Stairs,,,,
2023-01-18  08:57:46, Stairs,,,in,
2023-01-18  08:57:51, Stairs,,,,
2023-01-18  08:59:13, Stairs,,,in/in/linger,"two people walk in back to back about 6 seconds, one continues to linger about 18 seconds"
2023-01-18  08:59:33, Stairs,,,in,
2023-01-18  08:59:42, Stairs,,,in,
2023-01-18  08:59:47, Stairs,,,,
2023-01-18  08:59:59, Stairs,,,in,
2023-01-18  09:00:48, Stairs,,,in,
2023-01-18  09:00:52, Stairs,,,,
2023-01-18  09:01:50, Stairs,,,in,
2023-01-18  09:01:54, Stairs,,,,
2023-01-18  09:03:58, Stairs,,,in,
2023-01-18  09:04:01, Stairs,,,,
2023-01-18  09:06:02, Stairs,,,,
2023-01-18  09:06:03, Stairs,,,in,
2023-01-18  09:11:43, Stairs,,,,
2023-01-18  09:11:45, Stairs,,,,
2023-01-18  09:11:46, Stairs,,,out,
2023-01-18  09:12:43, Stairs,,,in,
2023-01-18  09:29:40, Stairs,,,in/in,two people walk in back to back about 6 seconds
2023-01-18  09:31:35, Stairs,,,out/out,two people walk out back to back 
2023-01-18  09:32:19, Stairs,,,out,
2023-01-18  09:40:56, Stairs,,,in,
2023-01-18  09:41:02, Stairs,,,,
2023-01-18  09:43:13, Stairs,,,out,
2023-01-18  09:43:21, Stairs,,,out,
2023-01-18  09:43:27, Stairs,,,out,
2023-01-18  09:43:32, Stairs,,,out/out,two people walk out back to back 
2023-01-18  09:43:50, Stairs,,,,
2023-01-18  09:43:53, Stairs,,,out,
2023-01-18  09:44:09, Stairs,,,,
2023-01-18  09:44:12, Stairs,,,out,
2023-01-18  09:44:24, Stairs,,,out/out,two people walk out back to back about 13 seconds
2023-01-18  09:44:41, Stairs,,,out/out,two people walk out side by side
2023-01-18  09:45:13, Stairs,,,,
2023-01-18  09:45:16, Stairs,,,out,
2023-01-18  09:50:18, Stairs,,,in,
2023-01-18  09:53:22, Stairs,,,in,
2023-01-18  09:53:27, Stairs,,,in/in,three people walk in back to back about 5 seconds
2023-01-18  09:53:43, Stairs,,,in,
2023-01-18  09:53:47, Stairs,,,,
2023-01-18  09:54:06, Stairs,,,in,
2023-01-18  09:54:10, Stairs,,,,
2023-01-18  09:54:51, Stairs,,,,
2023-01-18  09:57:00, Stairs,,,out,
2023-01-18  09:58:51, Stairs,,,in,
2023-01-18  09:59:52, Stairs,,,in,
2023-01-18  09:59:56, Stairs,,,,
2023-01-18  10:01:12, Stairs,,,in,
2023-01-18  10:01:16, Stairs,,,out,
2023-01-18  10:01:27, Stairs,,,,
2023-01-18  10:02:15, Stairs,,,pbon,
2023-01-18  10:03:11, Stairs,,,in,
2023-01-18  10:03:15, Stairs,,,,
2023-01-18  10:04:32, Stairs,,,in,
2023-01-18  10:04:38, Stairs,,,in,
2023-01-18  10:04:42, Stairs,,,,
2023-01-18  10:04:43, Stairs,,,,
2023-01-18  10:05:19, Stairs,,,in,
2023-01-18  10:05:23, Stairs,,,,
2023-01-18  10:05:25, Stairs,,,in,
2023-01-18  10:05:29, Stairs,,,,
2023-01-18  10:05:49, Stairs,,,uturn,
2023-01-18  10:06:06, Stairs,,,in,
2023-01-18  10:08:52, Stairs,,,pbin/no_event,
2023-01-18  10:10:19, Stairs,,,in,
2023-01-18  10:10:24, Stairs,,,,
2023-01-18  10:11:18, Stairs,,,in/in,two people walk in back to back about 7 seconds
2023-01-18  10:11:37, Stairs,,,out,
2023-01-18  10:13:36, Stairs,,,,
2023-01-18  10:13:37, Stairs,,,out/out,two people walk out side by side
2023-01-18  10:13:57, Stairs,,,out,
2023-01-18  10:18:12, Stairs,,,,
2023-01-18  10:18:18, Stairs,,,out,
2023-01-18  10:19:04, Stairs,,,in,
2023-01-18  10:19:08, Stairs,,,,
2023-01-18  10:24:01, Stairs,,,pbin,
2023-01-18  10:24:07, Stairs,,,,
2023-01-18  10:24:53, Stairs,,,in,
2023-01-18  10:24:58, Stairs,,,,
2023-01-18  10:35:20, Stairs,,,in,
2023-01-18  10:35:26, Stairs,,,,
2023-01-18  10:35:49, Stairs,,,in,
2023-01-18  10:36:41, Stairs,,,pbin/no_event,
2023-01-18  10:37:43, Stairs,,,in,
2023-01-18  10:37:47, Stairs,,,,
2023-01-18  10:38:10, Stairs,,,out,
2023-01-18  10:50:11, Stairs,,,in,
2023-01-18  10:52:08, Stairs,,,,
2023-01-18  10:52:10, Stairs,,,out,
2023-01-18  10:52:15, Stairs,,,,
2023-01-18  10:52:16, Stairs,,,pbin,
2023-01-18  10:54:46, Stairs,,,in,
2023-01-18  10:54:50, Stairs,,,,
2023-01-18  10:54:51, Stairs,,,,
2023-01-18  10:56:36, Stairs,,,pbin,
2023-01-18  10:56:42, Stairs,,,,
2023-01-18  11:00:51, Stairs,,,,
2023-01-18  11:01:35, Stairs,,,in,
2023-01-18  11:01:40, Stairs,,,,
2023-01-18  11:02:18, Stairs,,,out,
2023-01-18  11:02:31, Stairs,,,out/out,three people walk out back to back around 10 seconds
2023-01-18  11:02:42, Stairs,,,out,
2023-01-18  11:02:48, Stairs,,,out,
2023-01-18  11:02:55, Stairs,,,out,
2023-01-18  11:03:01, Stairs,,,out,
2023-01-18  11:03:09, Stairs,,,,
2023-01-18  11:04:14, Stairs,,,in,
2023-01-18  11:06:45, Stairs,,,in,
2023-01-18  11:07:05, Stairs,,,in,
2023-01-18  11:08:34, Stairs,,,in,
2023-01-18  11:08:38, Stairs,,,,
2023-01-18  11:09:01, Stairs,,,,
2023-01-18  11:09:37, Stairs,,,in/in,two people walk in back to back about 6 seconds
2023-01-18  11:09:45, Stairs,,,,
2023-01-18  11:12:23, Stairs,,,,
2023-01-18  11:12:25, Stairs,,,out,
2023-01-18  11:12:47, Stairs,,,in,
2023-01-18  11:12:50, Stairs,,,,
2023-01-18  11:14:10, Stairs,,,,
2023-01-18  11:15:27, Stairs,,,,
2023-01-18  11:16:12, Stairs,,,out,
2023-01-18  11:16:20, Stairs,,,out,
2023-01-18  11:16:32, Stairs,,,uturn,
2023-01-18  11:16:37, Stairs,,,out,
2023-01-18  11:17:46, Stairs,,,,
2023-01-18  11:17:49, Stairs,,,out,
2023-01-18  11:19:56, Stairs,,,in,
2023-01-18  11:20:01, Stairs,,,,
2023-01-18  11:23:42, Stairs,,,in,
2023-01-18  11:25:49, Stairs,,,,
2023-01-18  11:25:51, Stairs,,,,
2023-01-18  11:26:20, Stairs,,,out,
2023-01-18  11:27:45, Stairs,,,,
2023-01-18  11:27:46, Stairs,,,in,
2023-01-18  11:27:52, Stairs,,,,
2023-01-18  11:27:54, Stairs,,,,
2023-01-18  11:27:55, Stairs,,,,
2023-01-18  11:27:59, Stairs,,,,
2023-01-18  11:31:19, Stairs,,,out,
2023-01-18  11:32:32, Stairs,,,,
2023-01-18  11:32:33, Stairs,,,,
2023-01-18  11:32:37, Stairs,,,in,
2023-01-18  11:32:41, Stairs,,,,
2023-01-18  11:33:14, Stairs,,,,
2023-01-18  11:33:15, Stairs,,,,
2023-01-18  11:33:18, Stairs,,,out,
2023-01-18  11:43:52, Stairs,,,out,
2023-01-18  11:49:18, Stairs,,,in,
2023-01-18  11:56:02, Stairs,,,pbin/no_event,
2023-01-18  11:56:06, Stairs,,,,
2023-01-18  11:56:32, Stairs,,,out,
2023-01-18  12:02:32, Stairs,,,,
2023-01-18  12:02:34, Stairs,,,out,
2023-01-18  12:02:39, Stairs,,,out/out,five people walk out back to back about 15 seconds
2023-01-18  12:02:56, Stairs,,,out/out,four people walk in back to back around 11 seconds
2023-01-18  12:03:09, Stairs,,,,
2023-01-18  12:09:36, Stairs,,,,
2023-01-18  12:09:38, Stairs,,,,
2023-01-18  12:09:39, Stairs,,,out,
2023-01-18  12:09:49, Stairs,,,,
2023-01-18  12:13:36, Stairs,,,in,
2023-01-18  12:15:26, Stairs,,,in,
2023-01-18  12:15:32, Stairs,,,in,
2023-01-18  12:15:43, Stairs,,,in/in,two people walk in back to back about 4 seconds
2023-01-18  12:17:27, Stairs,,,,
2023-01-18  12:22:20, Stairs,,,out,
2023-01-18  12:30:29, Stairs,,,,
2023-01-18  12:30:31, Stairs,,,,
2023-01-18  12:30:32, Stairs,,,out,
2023-01-18  12:38:38, Stairs,,,,
2023-01-18  12:38:42, Stairs,,,in,
2023-01-18  12:39:28, Stairs,,,in,
2023-01-18  12:39:33, Stairs,,,,
2023-01-18  12:39:56, Stairs,,,,
2023-01-18  12:39:58, Stairs,,,out,
2023-01-18  12:45:44, Stairs,,,,
2023-01-18  12:52:58, Stairs,,,,
2023-01-18  12:53:02, Stairs,,,pbout/no_event,
2023-01-18  12:56:59, Stairs,,,in,
2023-01-18  13:01:26, Stairs,,,in,
2023-01-18  13:01:30, Stairs,,,,
2023-01-18  13:02:34, Stairs,,,in,
2023-01-18  13:02:38, Stairs,,,,
2023-01-18  13:04:27, Stairs,,,,
2023-01-18  13:05:56, Stairs,,,in,
2023-01-18  13:08:55, Stairs,,,,
2023-01-18  13:09:28, Stairs,,,,
2023-01-18  13:09:30, Stairs,,,out,
2023-01-18  13:10:05, Stairs,,,pbin,
2023-01-18  14:03:30, Stairs,,,pbin/no_event,
2023-01-18  14:03:44, Stairs,,,pbin/no_event,
2023-01-18  14:03:46, Stairs,,,out,
2023-01-18  14:04:46, Stairs,,,,
2023-01-18  14:04:49, Stairs,,,pbin/no_event/uturn,
2023-01-18  14:04:53, Stairs,,,,
2023-01-18  14:04:58, Stairs,,,in,
2023-01-18  14:05:02, Stairs,,,,
2023-01-18  14:10:01, Stairs,,,in,
2023-01-18  14:13:44, Stairs,,,,
2023-01-18  14:13:45, Stairs,,,in,
2023-01-18  14:13:49, Stairs,,,,
2023-01-18  14:16:32, Stairs,,,,
2023-01-18  14:16:34, Stairs,,,out,
2023-01-18  14:16:39, Stairs,,,,
2023-01-18  14:16:47, Stairs,,,,
2023-01-18  14:16:48, Stairs,,,in,
2023-01-18  14:17:54, Stairs,,,in/in,two people walk in back to back about 6 seconds
2023-01-18  14:18:47, Stairs,,,in,in to amy's lab
2023-01-18  14:18:53, Stairs,,,,
2023-01-18  14:18:57, Stairs,,,,
2023-01-18  14:19:13, Stairs,,,in,
2023-01-18  14:19:37, Stairs,,,pbin,
2023-01-18  14:20:22, Stairs,,,in/pbin/in,"three people are in the event, two come in and one passes by about 7 seconds"
2023-01-18  14:20:30, Stairs,,,,
2023-01-18  14:20:36, Stairs,,,,
2023-01-18  14:20:45, Stairs,,,in,
2023-01-18  14:20:50, Stairs,,,,
2023-01-18  14:21:11, Stairs,,,,
2023-01-18  14:21:12, Stairs,,,in,
2023-01-18  14:21:15, Stairs,,,,
2023-01-18  14:21:47, Stairs,,,in,
2023-01-18  14:23:28, Stairs,,,in,
2023-01-18  14:23:31, Stairs,,,in,
2023-01-18  14:23:36, Stairs,,,in,
2023-01-18  14:23:39, Stairs,,,,
2023-01-18  14:23:43, Stairs,,,in,in to amy's lab
2023-01-18  14:23:47, Stairs,,,,
2023-01-18  14:24:56, Stairs,,,out,
2023-01-18  14:25:25, Stairs,,,in,
2023-01-18  14:27:03, Stairs,,,in,
2023-01-18  14:28:40, Stairs,,,in,
2023-01-18  14:28:44, Stairs,,,,
2023-01-18  14:34:59, Stairs,,,in,
2023-01-18  14:38:43, Stairs,,,out,
2023-01-18  15:04:16, Stairs,,,,
2023-01-18  15:04:19, Stairs,,,pbin,
2023-01-18  15:04:24, Stairs,,,,
2023-01-18  15:07:38, Stairs,,,pbin,
2023-01-18  15:11:42, Stairs,,,,
2023-01-18  15:11:46, Stairs,,,out,
2023-01-18  15:11:55, Stairs,,,,
2023-01-18  15:14:46, Stairs,,,,
2023-01-18  15:14:54, Stairs,,,out,
2023-01-18  15:15:09, Stairs,,,pbin/linger,
2023-01-18  15:15:14, Stairs,,,,
2023-01-18  15:16:13, Stairs,,,,
2023-01-18  15:16:28, Stairs,,,,
2023-01-18  15:23:55, Stairs,,,out,
2023-01-18  15:25:06, Stairs,,,in/out,two people walk in different directions
2023-01-18  15:25:11, Stairs,,,,
2023-01-18  15:31:19, Stairs,,,in,
2023-01-18  15:40:41, Stairs,,,out/out,eight people walk out back to back around 22 seconds
2023-01-18  15:41:11, Stairs,,,pbin/no_event,
2023-01-18  15:41:13, Stairs,,,out,
2023-01-18  15:41:21, Stairs,,,out/out,two outs back to back about 7 seconds
2023-01-18  15:43:04, Stairs,,,pbin,
2023-01-18  15:43:21, Stairs,,,out,
2023-01-18  15:47:12, Stairs,,,out,
2023-01-18  15:49:30, Stairs,,,,
2023-01-18  15:49:31, Stairs,,,,
2023-01-18  16:01:53, Stairs,,,in/in,four people walk in back to back around 11 seconds
2023-01-18  16:02:06, Stairs,,,out/out,three people walk out back to back around 10 seconds
2023-01-18  16:02:16, Stairs,,,,
2023-01-18  16:02:24, Stairs,,,out,
2023-01-18  16:03:10, Stairs,,,in,
2023-01-18  16:03:21, Stairs,,,out,
2023-01-18  16:04:08, Stairs,,,,
2023-01-18  16:04:12, Stairs,,,pbin,out of amy's lab
2023-01-18  16:04:15, Stairs,,,,
2023-01-18  16:06:17, Stairs,,,pbin/no_event,back to amy's lab
2023-01-18  16:10:57, Stairs,,,in,
2023-01-18  16:11:02, Stairs,,,,
2023-01-18  16:11:04, Stairs,,,,
2023-01-18  16:11:05, Stairs,,,,
2023-01-18  16:20:02, Stairs,,,,
2023-01-18  16:28:31, Stairs,,,pbin,
2023-01-18  16:28:38, Stairs,,,,
2023-01-18  16:30:59, Stairs,,,pbin,
2023-01-18  16:33:40, Stairs,,,out/out,"three people walk out of amy's lab, about 9 seconds"
2023-01-18  17:10:08, Stairs,,,in,
2023-01-18  17:10:13, Stairs,,,,
2023-01-18  17:17:54, Stairs,,,out,
2023-01-18  17:20:17, Stairs,,,in,
2023-01-18  17:23:37, Stairs,,,in,
2023-01-18  17:28:53, Stairs,,,pbout/no_event,
2023-01-18  17:28:56, Stairs,,,,
2023-01-18  17:32:11, Stairs,,,out,
2023-01-18  17:33:15, Stairs,,,out,
2023-01-18  17:34:41, Stairs,,,in,
2023-01-18  17:41:55, Stairs,,,out,
2023-01-18  18:12:31, Stairs,,,in,
2023-01-18  18:13:12, Stairs,,,out,
2023-01-18  18:22:13, Stairs,,,in,
2023-01-18  18:40:21, Stairs,,,,
2023-01-18  18:40:28, Stairs,,,,
2023-01-18  18:40:46, Stairs,,,in,
2023-01-18  18:40:51, Stairs,,,,
2023-01-18  18:50:07, Stairs,,,in,
2023-01-18  19:12:52, Stairs,,,out,
2023-01-18  19:38:06, Stairs,,,,
2023-01-18  19:38:09, Stairs,,,linger/out,person lingers then exits about 9 seconds
2023-01-18  20:43:51, Stairs,,,out,
2023-01-19  05:32:37, Stairs,,,in,
2023-01-19  05:32:41, Stairs,,,,
2023-01-19  07:25:22, Stairs,,,in,
2023-01-19  07:25:27, Stairs,,,,
2023-01-19  07:36:40, Stairs,,,in,
2023-01-19  07:36:44, Stairs,,,,
2023-01-19  07:39:17, Stairs,,,in,
2023-01-19  07:39:35, Stairs,,,in,
2023-01-19  07:39:40, Stairs,,,,
2023-01-19  07:43:40, Stairs,,,in,
2023-01-19  07:43:45, Stairs,,,,
2023-01-19  07:44:56, Stairs,,,in,
2023-01-19  07:45:00, Stairs,,,,
2023-01-19  07:47:02, Stairs,,,in,
2023-01-19  07:47:06, Stairs,,,,
2023-01-19  07:50:16, Stairs,,,in/in,two people walk in back to back about 7 seconds
2023-01-19  07:50:23, Stairs,,,,
2023-01-19  07:50:24, Stairs,,,,
2023-01-19  07:53:54, Stairs,,,in,
2023-01-19  07:53:59, Stairs,,,,
2023-01-19  07:55:26, Stairs,,,in,
2023-01-19  07:55:30, Stairs,,,,
2023-01-19  07:56:14, Stairs,,,in,
2023-01-19  07:56:18, Stairs,,,,
2023-01-19  07:56:30, Stairs,,,in,
2023-01-19  07:56:34, Stairs,,,,
2023-01-19  07:57:31, Stairs,,,in/in,two people walk in back to back about 7 seconds
2023-01-19  07:59:59, Stairs,,,in,
2023-01-19  08:00:40, Stairs,,,in/in,two people walk in back to back about 5 seconds
2023-01-19  08:00:46, Stairs,,,,
2023-01-19  08:17:46, Stairs,,,in,
2023-01-19  08:17:50, Stairs,,,,
2023-01-19  08:32:36, Stairs,,,out,
2023-01-19  08:33:08, Stairs,,,out,
2023-01-19  08:43:09, Stairs,,,in,
2023-01-19  08:43:14, Stairs,,,,
2023-01-19  08:43:58, Stairs,,,,
2023-01-19  08:44:01, Stairs,,,out,
2023-01-19  08:59:20, Stairs,,,in,
2023-01-19  08:59:25, Stairs,,,,
2023-01-19  09:02:13, Stairs,,,in,
2023-01-19  09:02:18, Stairs,,,,
2023-01-19  09:04:01, Stairs,,,,
2023-01-19  09:04:05, Stairs,,,pbin/uturn,
2023-01-19  09:06:29, Stairs,,,in,
2023-01-19  09:06:33, Stairs,,,,
2023-01-19  09:10:37, Stairs,,,in,
2023-01-19  09:10:55, Stairs,,,in,
2023-01-19  09:10:59, Stairs,,,,
2023-01-19  09:11:22, Stairs,,,,
2023-01-19  09:11:24, Stairs,,,out,
2023-01-19  09:14:12, Stairs,,,in,
2023-01-19  09:14:22, Stairs,,,in,
2023-01-19  09:14:27, Stairs,,,,
2023-01-19  09:17:01, Stairs,,,in,
2023-01-19  09:17:05, Stairs,,,,
2023-01-19  09:17:22, Stairs,,,in,
2023-01-19  09:17:27, Stairs,,,,
2023-01-19  09:17:56, Stairs,,,in,
2023-01-19  09:18:13, Stairs,,,,
2023-01-19  09:18:16, Stairs,,,in,
2023-01-19  09:18:20, Stairs,,,,
2023-01-19  09:18:23, Stairs,,,in,
2023-01-19  09:19:01, Stairs,,,in,
2023-01-19  09:19:06, Stairs,,,,
2023-01-19  09:22:05, Stairs,,,in,
2023-01-19  09:22:10, Stairs,,,in,
2023-01-19  09:23:06, Stairs,,,in/in,two people walk in back to back about 7 seconds
2023-01-19  09:24:55, Stairs,,,,
2023-01-19  09:24:56, Stairs,,,in/in,two people walk in back to back about 7 seconds
2023-01-19  09:25:15, Stairs,,,in,
2023-01-19  09:25:19, Stairs,,,,
2023-01-19  09:26:28, Stairs,,,in,
2023-01-19  09:26:32, Stairs,,,,
2023-01-19  09:31:42, Stairs,,,in,
2023-01-19  09:32:18, Stairs,,,in,
2023-01-19  09:32:22, Stairs,,,,
2023-01-19  09:49:44, Stairs,,,,
2023-01-19  09:49:48, Stairs,,,out,
2023-01-19  09:51:25, Stairs,,,in,
2023-01-19  09:51:29, Stairs,,,,
2023-01-19  09:58:14, Stairs,,,in,
2023-01-19  09:58:18, Stairs,,,,
2023-01-19  10:11:06, Stairs,,,in,
2023-01-19  10:20:10, Stairs,,,out,
2023-01-19  10:23:41, Stairs,,,in,
2023-01-19  10:23:45, Stairs,,,,
2023-01-19  10:26:29, Stairs,,,in,
2023-01-19  10:26:33, Stairs,,,,
2023-01-19  10:28:21, Stairs,,,in,
2023-01-19  10:28:30, Stairs,,,,
2023-01-19  10:28:35, Stairs,,,,
2023-01-19  10:28:37, Stairs,,,out,
2023-01-19  10:29:10, Stairs,,,,
2023-01-19  10:29:11, Stairs,,,in/in,two people walk in side by side
2023-01-19  10:30:10, Stairs,,,pbin,
2023-01-19  10:30:16, Stairs,,,pbin/out,two people one pb and one goes out about 9 seconds
2023-01-19  10:46:14, Stairs,,,in,
2023-01-19  10:46:19, Stairs,,,,
2023-01-19  10:46:51, Stairs,,,in,
2023-01-19  10:51:01, Stairs,,,in,
2023-01-19  10:51:06, Stairs,,,,
2023-01-19  10:51:09, Stairs,,,in,
2023-01-19  10:51:13, Stairs,,,,
2023-01-19  10:51:57, Stairs,,,in/in,five people walk in back to back about 13 seconds
2023-01-19  10:52:11, Stairs,,,,
2023-01-19  10:53:44, Stairs,,,in,
2023-01-19  10:53:50, Stairs,,,,
2023-01-19  10:54:00, Stairs,,,,
2023-01-19  10:54:02, Stairs,,,out,
2023-01-19  10:55:10, Stairs,,,in/in,two people walk in back to back about 5 seconds
2023-01-19  10:55:16, Stairs,,,,
2023-01-19  10:56:35, Stairs,,,in,
2023-01-19  10:56:39, Stairs,,,,
2023-01-19  10:56:45, Stairs,,,in,
2023-01-19  10:57:28, Stairs,,,in,
2023-01-19  10:57:32, Stairs,,,,
2023-01-19  10:58:04, Stairs,,,out,
2023-01-19  10:58:10, Stairs,,,in,
2023-01-19  10:58:13, Stairs,,,,
2023-01-19  11:00:53, Stairs,,,out/out,two people walk out side by side
2023-01-19  11:07:48, Stairs,,,out/out,two people walk in back to back about 8 seconds
2023-01-19  11:17:22, Stairs,,,in,
2023-01-19  11:35:28, Stairs,,,,
2023-01-19  11:35:31, Stairs,,,out,
2023-01-19  11:37:49, Stairs,,,in/in,two people walk in back to back about 8 seconds
2023-01-19  11:41:34, Stairs,,,pbin,
2023-01-19  11:46:09, Stairs,,,in,
2023-01-19  11:46:13, Stairs,,,,
2023-01-19  11:48:04, Stairs,,,out,
2023-01-19  11:49:04, Stairs,,,,
2023-01-19  11:49:07, Stairs,,,out,
2023-01-19  11:53:01, Stairs,,,in,
2023-01-19  11:53:10, Stairs,,,,
2023-01-19  11:54:11, Stairs,,,,
2023-01-19  11:54:13, Stairs,,,,
2023-01-19  11:54:27, Stairs,,,out,
2023-01-19  11:55:29, Stairs,,,pbin/no_event,
2023-01-19  11:55:32, Stairs,,,,
2023-01-19  11:56:07, Stairs,,,in,
2023-01-19  12:00:45, Stairs,,,out,
2023-01-19  12:09:40, Stairs,,,in,
2023-01-19  12:09:44, Stairs,,,,
2023-01-19  12:10:03, Stairs,,,,
2023-01-19  12:10:06, Stairs,,,out,
2023-01-19  12:10:15, Stairs,,,out/out,two people walk out sback to back about 7 seconds
2023-01-19  12:10:24, Stairs,,,,
2023-01-19  12:10:26, Stairs,,,out,
2023-01-19  12:10:53, Stairs,,,,
2023-01-19  12:10:56, Stairs,,,out,
2023-01-19  12:10:59, Stairs,,,,
2023-01-19  12:11:16, Stairs,,,out,
2023-01-19  12:11:42, Stairs,,,out,
2023-01-19  12:11:48, Stairs,,,,
2023-01-19  12:12:00, Stairs,,,out/out,three people exit out about 10 seconds
2023-01-19  12:12:28, Stairs,,,out/in,two people going different directions
2023-01-19  12:13:36, Stairs,,,,
2023-01-19  12:13:38, Stairs,,,out,
2023-01-19  12:13:54, Stairs,,,out/out,two people walk out side by side
2023-01-19  12:15:28, Stairs,,,out,
2023-01-19  12:16:30, Stairs,,,in,
2023-01-19  12:16:45, Stairs,,,out/in,"three people, out out in about 7 seconds"
2023-01-19  12:17:10, Stairs,,,in/in,two people walk in back to back about 7 seconds
2023-01-19  12:17:49, Stairs,,,in,
2023-01-19  12:17:53, Stairs,,,,
2023-01-19  12:17:57, Stairs,,,in,
2023-01-19  12:19:08, Stairs,,,in,
2023-01-19  12:19:15, Stairs,,,,
2023-01-19  12:19:38, Stairs,,,in,
2023-01-19  12:19:46, Stairs,,,,
2023-01-19  12:19:47, Stairs,,,,
2023-01-19  12:20:00, Stairs,,,in,
2023-01-19  12:20:49, Stairs,,,in,
2023-01-19  12:20:53, Stairs,,,,
2023-01-19  12:21:05, Stairs,,,in,
2023-01-19  12:21:16, Stairs,,,,
2023-01-19  12:21:18, Stairs,,,out,
2023-01-19  12:23:18, Stairs,,,in,
2023-01-19  12:23:23, Stairs,,,,
2023-01-19  12:24:33, Stairs,,,in,
2023-01-19  12:24:38, Stairs,,,,
2023-01-19  12:25:02, Stairs,,,in,
2023-01-19  12:25:17, Stairs,,,in/in,two people walk in back to back about 5 seconds
2023-01-19  12:25:22, Stairs,,,,
2023-01-19  12:25:32, Stairs,,,in,
2023-01-19  12:49:35, Stairs,,,pbin,
2023-01-19  12:52:07, Stairs,,,pbin,
2023-01-19  12:59:45, Stairs,,,in,
2023-01-19  12:59:50, Stairs,,,,
2023-01-19  13:00:19, Stairs,,,out,
2023-01-19  13:02:49, Stairs,,,pbin,
2023-01-19  13:02:57, Stairs,,,,
2023-01-19  13:11:38, Stairs,,,,
2023-01-19  13:11:39, Stairs,,,,
2023-01-19  13:11:43, Stairs,,,out,
2023-01-19  13:13:14, Stairs,,,in,
2023-01-19  13:13:19, Stairs,,,,
2023-01-19  13:23:58, Stairs,,,,
2023-01-19  13:24:02, Stairs,,,out,
2023-01-19  13:31:01, Stairs,,,in,
2023-01-19  13:35:30, Stairs,,,out,
2023-01-19  13:37:14, Stairs,,,in,
2023-01-19  13:37:26, Stairs,,,in,
2023-01-19  13:40:16, Stairs,,,,
2023-01-19  13:46:24, Stairs,,,,
2023-01-19  13:46:27, Stairs,,,out,
2023-01-19  13:46:46, Stairs,,,,
2023-01-19  13:46:50, Stairs,,,,
2023-01-19  13:46:51, Stairs,,,out/out,nineteen people exit in about 21 seconds (class lets out
2023-01-19  13:50:42, Stairs,,,in,
2023-01-19  13:51:52, Stairs,,,in,
2023-01-19  13:51:56, Stairs,,,,
2023-01-19  13:53:25, Stairs,,,in,
2023-01-19  13:53:29, Stairs,,,,
2023-01-19  13:53:38, Stairs,,,in/in,two in back to back 
2023-01-19  13:53:42, Stairs,,,in/in,two in back to back about 5 seconds
2023-01-19  13:53:48, Stairs,,,,
2023-01-19  13:53:55, Stairs,,,in,
2023-01-19  13:54:00, Stairs,,,,
2023-01-19  13:54:20, Stairs,,,in/in,two people walk in back to back about 5 seconds
2023-01-19  13:54:27, Stairs,,,in/in,four people walk in back to back about 10 second
2023-01-19  13:55:04, Stairs,,,in/in,six people walk in back to back about 12 seconds
2023-01-19  13:55:18, Stairs,,,,
2023-01-19  13:55:21, Stairs,,,,
2023-01-19  13:55:26, Stairs,,,out/in,"eight people in 13 seconds, 7 coming in and one going out"
2023-01-19  13:55:40, Stairs,,,,
2023-01-19  13:56:00, Stairs,,,in,
2023-01-19  13:56:04, Stairs,,,,
2023-01-19  13:56:52, Stairs,,,in,
2023-01-19  13:57:11, Stairs,,,out,
2023-01-19  13:58:09, Stairs,,,pbin/no_event,
2023-01-19  14:01:06, Stairs,,,pbin,
2023-01-19  14:08:17, Stairs,,,,
2023-01-19  14:08:21, Stairs,,,,
2023-01-19  14:08:37, Stairs,,,,
2023-01-19  14:12:35, Stairs,,,out,
2023-01-19  14:22:25, Stairs,,,,
2023-01-19  14:23:05, Stairs,,,,
2023-01-19  14:40:22, Stairs,,,in,
2023-01-19  14:40:27, Stairs,,,,
2023-01-19  14:41:15, Stairs,,,,
2023-01-19  14:41:19, Stairs,,,out,
2023-01-19  14:43:54, Stairs,,,,
2023-01-19  14:44:53, Stairs,,,in,
2023-01-19  14:44:58, Stairs,,,,
2023-01-19  14:50:02, Stairs,,,pbin/no_event,
2023-01-19  14:50:05, Stairs,,,,
2023-01-19  15:00:08, Stairs,,,,
2023-01-19  15:04:33, Stairs,,,,
2023-01-19  15:08:53, Stairs,,,,
2023-01-19  15:10:48, Stairs,,,,
2023-01-19  15:11:43, Stairs,,,,
2023-01-19  15:11:45, Stairs,,,out,
2023-01-19  15:12:11, Stairs,,,out/out,nine people exit in 17 seconds
2023-01-19  15:12:30, Stairs,,,out,
2023-01-19  15:12:51, Stairs,,,out,
2023-01-19  15:13:40, Stairs,,,,
2023-01-19  15:13:42, Stairs,,,out,
2023-01-19  15:13:53, Stairs,,,,
2023-01-19  15:13:56, Stairs,,,out,
2023-01-19  15:15:09, Stairs,,,,
2023-01-19  15:15:11, Stairs,,,out/out,two people go out in 14 seconds
2023-01-19  15:17:31, Stairs,,,out,
2023-01-19  15:18:32, Stairs,,,pbin,
2023-01-19  15:18:55, Stairs,,,,
2023-01-19  15:19:19, Stairs,,,pbin/no_event,
2023-01-19  15:22:23, Stairs,,,in,
2023-01-19  15:33:48, Stairs,,,in,
2023-01-19  15:33:54, Stairs,,,,
2023-01-19  15:34:27, Stairs,,,out,
2023-01-19  15:41:16, Stairs,,,,
2023-01-19  15:45:23, Stairs,,,,
2023-01-19  16:03:42, Stairs,,,Spotlight,
2023-01-19  16:03:45, Stairs,,,Spotlight,
2023-01-19  16:07:07, Stairs,,,Spotlight,
2023-01-19  16:07:10, Stairs,,,Spotlight,
2023-01-19  16:07:14, Stairs,,,Spotlight,
2023-01-19  16:12:27, Stairs,,,Spotlight,
2023-01-19  16:12:30, Stairs,,,out/linger/out,about 10 seconds
2023-01-19  16:16:25, Stairs,,,,
2023-01-19  16:32:21, Stairs,,,,
2023-01-19  16:33:53, Stairs,,,,
2023-01-19  16:41:26, Stairs,,,out,
2023-01-19  16:47:35, Stairs,,,pbin,
2023-01-19  16:49:32, Stairs,,,Spotlight,
2023-01-19  16:49:33, Stairs,,,Spotlight,
2023-01-19  16:49:34, Stairs,,,Spotlight,
2023-01-19  16:49:40, Stairs,,,Spotlight,
2023-01-19  16:49:41, Stairs,,,Spotlight,
2023-01-19  16:50:12, Stairs,,,pbin,
2023-01-19  16:50:18, Stairs,,,Spotlight,
2023-01-19  16:52:20, Stairs,,,Spotlight,
2023-01-19  16:52:24, Stairs,,,Spotlight,
2023-01-19  16:52:25, Stairs,,,pbin/no_event,
2023-01-19  16:52:30, Stairs,,,,
2023-01-19  16:52:33, Stairs,,,,
2023-01-19  16:52:34, Stairs,,,,
2023-01-19  16:52:35, Stairs,,,,
2023-01-19  16:52:37, Stairs,,,,
2023-01-19  16:52:39, Stairs,,,,
2023-01-19  16:52:40, Stairs,,,,
2023-01-19  16:52:43, Stairs,,,,
2023-01-19  16:52:45, Stairs,,,,
2023-01-19  16:52:46, Stairs,,,out,
2023-01-19  16:54:35, Stairs,,,,
2023-01-19  16:54:37, Stairs,,,,
2023-01-19  16:54:38, Stairs,,,,
2023-01-19  16:54:40, Stairs,,,,
2023-01-19  16:54:42, Stairs,,,,
2023-01-19  16:54:43, Stairs,,,,
2023-01-19  16:55:18, Stairs,,,,
2023-01-19  16:55:21, Stairs,,,,
2023-01-19  16:55:26, Stairs,,,,
2023-01-19  16:55:28, Stairs,,,,
2023-01-19  16:55:29, Stairs,,,,
2023-01-19  16:55:30, Stairs,,,,
2023-01-19  16:55:40, Stairs,,,,
2023-01-19  16:55:47, Stairs,,,,
2023-01-19  16:55:48, Stairs,,,,
2023-01-19  16:55:49, Stairs,,,,
2023-01-19  16:55:51, Stairs,,,,
2023-01-19  16:55:52, Stairs,,,,
2023-01-19  16:55:53, Stairs,,,,
2023-01-19  16:55:54, Stairs,,,,
2023-01-19  16:56:39, Stairs,,,,
2023-01-19  16:56:40, Stairs,,,,
2023-01-19  16:56:41, Stairs,,,,
2023-01-19  16:56:43, Stairs,,,,
2023-01-19  16:56:44, Stairs,,,Spotlight,
2023-01-19  16:56:49, Stairs,,,out,
2023-01-19  16:56:55, Stairs,,,pbin/no_event,
2023-01-19  16:56:59, Stairs,,,Spotlight,
2023-01-19  17:02:48, Stairs,,,,
2023-01-19  17:02:51, Stairs,,,,
2023-01-19  17:02:54, Stairs,,,out,
2023-01-19  17:07:25, Stairs,,,out,
2023-01-19  17:12:15, Stairs,,,out,
2023-01-19  17:39:33, Stairs,,,in,
2023-01-19  17:40:52, Stairs,,,out,
2023-01-19  17:50:53, Stairs,,,,
2023-01-19  17:50:54, Stairs,,,out,
2023-01-19  17:57:11, Stairs,,,in,Evelyn
2023-01-19  17:57:18, Stairs,,,in,
2023-01-19  18:06:11, Stairs,,,,
2023-01-19  18:13:50, Stairs,,,,
2023-01-19  18:13:52, Stairs,,,uturn,about 7 seconds
2023-01-19  18:14:00, Stairs,,,,
2023-01-19  18:14:28, Stairs,,,,
2023-01-19  18:14:31, Stairs,,,out,
2023-01-19  19:24:57, Stairs,,,pbin/no_event,
2023-01-19  19:29:14, Stairs,,,pbin/no_event,
2023-01-19  21:08:06, Stairs,,,in,
2023-01-19  21:14:09, Stairs,,,,
2023-01-19  21:14:10, Stairs,,,,
2023-01-19  21:48:29, Stairs,,,,
2023-01-19  21:49:56, Stairs,,,,
2023-01-19  22:00:45, Stairs,,,out/out,Jeff and Evelyn Exit
2023-01-19  22:43:59, Stairs,,,out,
2023-01-20  00:11:31, Stairs,,,pbout/no_event,likely wont catch this
2023-01-20  00:11:55, Stairs,,,,
2023-01-20  02:18:22, Stairs,,,pbout/no_event,
2023-01-20  03:05:04, Stairs,,,,
2023-01-20  03:06:26, Stairs,,,,
2023-01-20  03:41:38, Stairs,,,out,
2023-01-20  08:49:21, Stairs,,,in,
2023-01-20  08:53:47, Stairs,,,,
2023-01-20  08:53:50, Stairs,,,out,
2023-01-20  09:08:39, Stairs,,,in,
2023-01-20  09:08:45, Stairs,,,,
2023-01-20  09:08:47, Stairs,,,,
2023-01-20  09:26:31, Stairs,,,in,
2023-01-20  09:26:36, Stairs,,,,
2023-01-20  09:28:03, Stairs,,,out,
2023-01-20  09:28:10, Stairs,,,in,
2023-01-20  09:30:47, Stairs,,,in,
2023-01-20  09:30:52, Stairs,,,,
2023-01-20  09:37:38, Stairs,,,in,
2023-01-20  09:37:42, Stairs,,,,
2023-01-20  09:38:32, Stairs,,,in,
2023-01-20  09:38:36, Stairs,,,,
2023-01-20  09:46:09, Stairs,,,pbout/no_event,
2023-01-20  09:46:13, Stairs,,,linger/out,about 10 seconds
2023-01-20  09:46:25, Stairs,,,in,
2023-01-20  09:47:13, Stairs,,,,
2023-01-20  09:47:16, Stairs,,,,
2023-01-20  09:48:47, Stairs,,,in,
2023-01-20  09:48:52, Stairs,,,,
2023-01-20  09:53:13, Stairs,,,in,
2023-01-20  09:54:39, Stairs,,,in,
2023-01-20  09:54:44, Stairs,,,,
2023-01-20  09:55:21, Stairs,,,in,
2023-01-20  09:57:19, Stairs,,,in,
2023-01-20  09:57:24, Stairs,,,,
2023-01-20  09:57:32, Stairs,,,in,
2023-01-20  10:01:20, Stairs,,,in,
2023-01-20  10:01:24, Stairs,,,,
2023-01-20  10:01:35, Stairs,,,in,
2023-01-20  10:01:39, Stairs,,,,
2023-01-20  10:01:53, Stairs,,,in,
2023-01-20  10:01:58, Stairs,,,,
2023-01-20  10:01:59, Stairs,,,,
2023-01-20  10:02:57, Stairs,,,in,
2023-01-20  10:06:28, Stairs,,,in,
2023-01-20  10:06:31, Stairs,,,,
2023-01-20  10:08:12, Stairs,,,in,
2023-01-20  10:08:17, Stairs,,,,
2023-01-20  10:08:33, Stairs,,,out,
2023-01-20  10:09:04, Stairs,,,pbin,hall to amy lab
2023-01-20  10:09:09, Stairs,,,,
2023-01-20  10:09:49, Stairs,,,in,
2023-01-20  10:09:52, Stairs,,,,
2023-01-20  10:11:33, Stairs,,,in,
2023-01-20  10:11:37, Stairs,,,,
2023-01-20  10:39:47, Stairs,,,in,
2023-01-20  10:39:51, Stairs,,,,
2023-01-20  10:41:28, Stairs,,,out,
2023-01-20  10:41:35, Stairs,,,,
2023-01-20  10:50:37, Stairs,,,,
2023-01-20  10:50:40, Stairs,,,out,
2023-01-20  10:58:08, Stairs,,,,
2023-01-20  10:58:09, Stairs,,,,
2023-01-20  10:58:11, Stairs,,,,
2023-01-20  10:58:12, Stairs,,,,
2023-01-20  10:58:14, Stairs,,,pbout/in,slight linger on pbout then in about 8 seconds
2023-01-20  10:59:23, Stairs,,,in,
2023-01-20  11:01:19, Stairs,,,in,
2023-01-20  11:01:43, Stairs,,,out,
2023-01-20  11:01:46, Stairs,,,,
2023-01-20  11:01:48, Stairs,,,out/out,"four people walk out back to back, about 10 seconds"
2023-01-20  11:01:59, Stairs,,,,
2023-01-20  11:02:00, Stairs,,,out/out,"two people walk out back to back, about 6 seconds"
2023-01-20  11:02:14, Stairs,,,,
2023-01-20  11:02:16, Stairs,,,out/out,two people walk out side by side
2023-01-20  11:05:27, Stairs,,,in,
2023-01-20  11:05:31, Stairs,,,,
2023-01-20  11:05:33, Stairs,,,,
2023-01-20  11:05:34, Stairs,,,,
2023-01-20  11:05:37, Stairs,,,pbin/uturn,
2023-01-20  11:05:42, Stairs,,,,
2023-01-20  11:05:56, Stairs,,,in,
2023-01-20  11:06:01, Stairs,,,,
2023-01-20  11:06:02, Stairs,,,,
2023-01-20  11:06:49, Stairs,,,in,
2023-01-20  11:07:09, Stairs,,,in,
2023-01-20  11:07:21, Stairs,,,out,
2023-01-20  11:07:42, Stairs,,,in,in to amys lab
2023-01-20  11:07:47, Stairs,,,,
2023-01-20  11:07:48, Stairs,,,,
2023-01-20  11:11:33, Stairs,,,in,
2023-01-20  11:11:38, Stairs,,,,
2023-01-20  11:11:55, Stairs,,,,
2023-01-20  11:11:58, Stairs,,,pbin/no_event,
2023-01-20  11:12:00, Stairs,,,in/out,"three peopple in, in, out in about 11 seconds"
2023-01-20  11:12:37, Stairs,,,in/linger,one person comes in then kristy lingers for about a minute
2023-01-20  11:12:45, Stairs,,,linger,
2023-01-20  11:12:51, Stairs,,,linger,
2023-01-20  11:13:00, Stairs,,,linger/out,kristy finally leaves 30 seconds after this timestamp
2023-01-20  11:14:12, Stairs,,,in,
2023-01-20  11:14:16, Stairs,,,,
2023-01-20  11:14:43, Stairs,,,in,
2023-01-20  11:23:59, Stairs,,,,
2023-01-20  11:24:00, Stairs,,,,
2023-01-20  11:24:04, Stairs,,,out,out from amy's lab
2023-01-20  11:25:55, Stairs,,,in,in to amys lab
2023-01-20  11:25:59, Stairs,,,,
2023-01-20  11:28:59, Stairs,,,,
2023-01-20  11:46:31, Stairs,,,out/out,two people walk out of amy's lab back to back about 8 seconds
2023-01-20  11:58:09, Stairs,,,,
2023-01-20  11:59:47, Stairs,,,,
2023-01-20  12:03:08, Stairs,,,in,
2023-01-20  12:03:12, Stairs,,,,
2023-01-20  12:03:32, Stairs,,,,
2023-01-20  12:03:34, Stairs,,,out,
2023-01-20  12:03:39, Stairs,,,out/out,six people exit back to back about 16 seconds
2023-01-20  12:03:56, Stairs,,,,
2023-01-20  12:04:02, Stairs,,,out,
2023-01-20  12:04:08, Stairs,,,,
2023-01-20  12:04:39, Stairs,,,,
2023-01-20  12:04:41, Stairs,,,out,
2023-01-20  12:04:46, Stairs,,,,
2023-01-20  12:04:49, Stairs,,,out,
2023-01-20  12:05:07, Stairs,,,out,
2023-01-20  12:09:04, Stairs,,,out,
2023-01-20  12:09:11, Stairs,,,,
2023-01-20  12:11:53, Stairs,,,out,
2023-01-20  12:14:28, Stairs,,,,
2023-01-20  12:14:30, Stairs,,,pbout/no_event,
