12/8/22 6:52:00,GT,,Waldo,EnOcean,if match,if not match,if match,if not match,,,,,ins ,in  correct,in incorrect,,outs,out correct,out incorrect
12/9/22 6:52:00,in,,in,hit,IN,,,,,hit,,,339,337,40,,309,236,110
12/9/22 6:53:51,out,,pbout,miss,,,,nope,,miss,,,99%,,,,76.4%,,
12/9/22 6:56:03,in,,in,hit,IN,,,,,hit,,,,,,,,,
12/9/22 7:09:04,out/in,out just enough to toss trash then back in,in,hit,,,,,,hit,,,,,,,,,
12/9/22 7:43:57,out,,pbout,hit,,,,nope,,hit,,,EnOcean Catch/Miss,,,,,,
12/9/22 7:45:42,in,,in,miss,IN,,,,,miss,,,miss,279,34%,,,,
12/9/22 7:46:30,in,,in,hit,IN,,,,,hit,,,hit,529,65%,,,,
12/9/22 7:54:56,out,,pbout,hit,,,,nope,,hit,,,,,,,,,
12/9/22 8:06:28,out,,out,hit,,,OUT,,,hit,,,,,,,,,
12/9/22 8:10:26,in,,in,hit,IN,,,,,hit,,,,,,,,,
12/9/22 8:27:21,in,,in,hit,IN,,,,,hit,,,,,,,,,
12/9/22 8:32:44,out,,pbout,hit,,,,nope,,hit,,,,,,,,,
12/9/22 8:38:12,out,jacob,out,hit,,,OUT,,,hit,,,,,,,,,
12/9/22 8:38:59,in,,in,miss,IN,,,,,miss,,,,,,,,,
12/9/22 8:39:43,out,,out,miss,,,OUT,,,miss,,,,,,,,,
12/9/22 8:40:29,in,,in,hit,IN,,,,,hit,,,,,,,,,
12/9/22 8:42:55,no_event,maybe a jacket swing? Off camera,,hit,,,,,,hit,,,,,,,,,
12/9/22 8:42:58,no_event,maybe a jacket swing? Off camera,,miss,,,,,,miss,,,,,,,,,
12/9/22 8:45:25,in,,in,hit,IN,,,,,hit,,,,,,,,,
12/9/22 8:48:31,out,,pbout,hit,,,,nope,,hit,,,,,,,,,
12/9/22 8:56:35,in,,in,hit,IN,,,,,hit,,,,,,,,,
12/9/22 8:57:32,in,,in,miss,IN,,,,,miss,,,,,,,,,
12/9/22 8:58:45,in,,in,hit,IN,,,,,hit,,,,,,,,,
12/9/22 9:01:26,out,,out,hit,,,OUT,,,hit,,,,,,,,,
12/9/22 9:03:14,out,,pbout,miss,,,,nope,,miss,,,,,,,,,
12/9/22 9:05:38,in,,in,hit,IN,,,,,hit,,,,,,,,,
12/9/22 9:06:14,in,,in,miss,IN,,,,,miss,,,,,,,,,
12/9/22 9:19:12,out,,out,hit,,,OUT,,,hit,,,,,,,,,
12/9/22 9:33:12,in,,in,hit,IN,,,,,hit,,,,,,,,,
12/9/22 9:33:52,out,,out,miss,,,OUT,,,miss,,,,,,,,,
12/9/22 9:36:18,in,,in,hit,IN,,,,,hit,,,,,,,,,
12/9/22 9:37:21,out,,out,miss,,,OUT,,,miss,,,,,,,,,
12/9/22 9:43:26,out,,out,hit,,,OUT,,,hit,,,,,,,,,
12/9/22 9:45:37,in,,in,hit,IN,,,,,hit,,,,,,,,,
12/9/22 9:48:29,in,"slowly, messing with bookbag",in,hit,IN,,,,,hit,,,,,,,,,
12/9/22 9:52:28,in,,in,hit,IN,,,,,hit,,,,,,,,,
12/9/22 9:53:16,out,,out,miss,,,OUT,,,miss,,,,,,,,,
12/9/22 10:03:49,out,,out,hit,,,OUT,,,hit,,,,,,,,,
12/9/22 10:35:13,out/in,"dropping off trash then back in, then back again",in,hit,,,,,,hit,,,,,,,,,
12/9/22 10:43:59,out/in/out/in,dropping off trash then back in,pbin,hit,,,,,,hit,,,,,,,,,
12/9/22 10:44:52,pbout/linger/in,"linger on pbout, then trash, then finally in",in/in,miss,,,,,,miss,,,,,,,,,
12/9/22 10:49:43,out,,out,hit,,,OUT,,,hit,,,,,,,,,
12/9/22 10:51:09,in,,in,miss,IN,,,,,miss,,,,,,,,,
12/9/22 10:51:54,out,,out,hit,,,OUT,,,hit,,,,,,,,,
12/9/22 10:56:53,in,,in,hit,IN,,,,,hit,,,,,,,,,
12/9/22 11:05:46,out,"two people, both traveling out in close succession",out,hit,,,OUT,,,hit,,,,,,,,,
12/9/22 11:09:53,out,,pbout,hit,,,,nope,,hit,,,,,,,,,
12/9/22 11:18:35,in,,in,hit,IN,,,,,hit,,,,,,,,,
12/9/22 11:22:46,out,,out,hit,,,OUT,,,hit,,,,,,,,,
12/9/22 11:23:05,in,,in,miss,IN,,,,,miss,,,,,,,,,
12/9/22 11:49:57,in,,in,hit,IN,,,,,hit,,,,,,,,,
12/9/22 11:59:13,in,,in,hit,IN,,,,,hit,,,,,,,,,
12/9/22 12:10:24,out/pbout/in,messing with the trashcan for a good 30 seconds,out/pbout/pbout/in,hit,,,,,,hit,,,,,,,,,
12/9/22 12:17:26,out,,out,hit,,,OUT,,,hit,,,,,,,,,
12/9/22 12:24:53,out,,in,hit,,,,nope,,hit,,,,,,,,,
12/9/22 12:29:56,out,,out,hit,,,OUT,,,hit,,,,,,,,,
12/9/22 12:30:00,pbout,"part of prior out, might not be caught",,miss,,,,,,miss,,,,,,,,,
12/9/22 12:30:41,in,"slowly, messing with recycling",in,miss,IN,,,,,miss,,,,,,,,,
12/9/22 12:30:46,in,,in,miss,IN,,,,,miss,,,,,,,,,
12/9/22 12:31:45,out,,out,miss,,,OUT,,,miss,,,,,,,,,
12/9/22 12:32:00,in,,in,hit,IN,,,,,hit,,,,,,,,,
12/9/22 12:32:48,in,,in,miss,IN,,,,,miss,,,,,,,,,
12/9/22 12:33:47,out,,out,miss,,,OUT,,,miss,,,,,,,,,
12/9/22 12:44:19,in,,in,hit,IN,,,,,hit,,,,,,,,,
12/9/22 12:45:14,out,,out,miss,,,OUT,,,miss,,,,,,,,,
12/9/22 12:49:14,out,,out,hit,,,OUT,,,hit,,,,,,,,,
12/9/22 12:50:26,in,,in,miss,IN,,,,,miss,,,,,,,,,
12/9/22 12:52:08,out,,out,hit,,,OUT,,,hit,,,,,,,,,
12/9/22 12:58:03,in,,in,hit,IN,,,,,hit,,,,,,,,,
12/9/22 13:09:52,out,,out,hit,,,OUT,,,hit,,,,,,,,,
12/9/22 13:24:07,out,,out,hit,,,OUT,,,hit,,,,,,,,,
12/9/22 13:27:19,in,,in,hit,IN,,,,,hit,,,,,,,,,
12/9/22 13:29:25,in,,in,hit,IN,,,,,hit,,,,,,,,,
12/9/22 13:46:51,in,,in,hit,IN,,,,,hit,,,,,,,,,
12/9/22 13:49:45,out/pbout,"out, slowly messing with the trash then continuing out",pbout,hit,,,,,,hit,,,,,,,,,
12/9/22 13:54:52,pbout/in/pbin,"janitor mopping out side of door, walking in, then mopping inside of door for a good 15 seconds",pbout/pbout,hit,,,,,,hit,,,,,,,,,
12/9/22 13:55:21,out/pbout,,pbout,miss,,,,,,miss,,,,,,,,,
12/9/22 13:55:25,pbout/no_event,"mopping a bit out of view, probably wont catch waldo",pbout,miss,,,,,,miss,,,,,,,,,
12/9/22 14:05:49,out,,out,hit,,,OUT,,,hit,,,,,,,,,
12/9/22 14:38:15,out,,out,hit,,,OUT,,,hit,,,,,,,,,
12/9/22 21:37:17,out,,out,hit,,,OUT,,,hit,,,,,,,,,
12/9/22 21:46:08,in,"trash, then in",in,hit,IN,,,,,hit,,,,,,,,,
12/10/22 17:52:42,in,normal in,in,hit,IN,,,,,hit,,,,,,,,,
12/11/22 14:13:22,out,,out,hit,,,OUT,,,hit,,,,,,,,,
12/11/22 16:34:26,in,,in,hit,IN,,,,,hit,,,,,,,,,
12/11/22 18:49:24,in,,in,hit,IN,,,,,hit,,,,,,,,,
12/11/22 20:21:01,in,,in,hit,IN,,,,,hit,,,,,,,,,
12/12/22 1:14:28,out,,pbin,hit,,,,nope,,hit,,,,,,,,,
12/12/22 1:24:35,in,,in,hit,IN,,,,,hit,,,,,,,,,
12/12/22 7:37:14,in,,in,hit,IN,,,,,hit,,,,,,,,,
12/12/22 7:42:45,out,,out,hit,,,OUT,,,hit,,,,,,,,,
12/12/22 7:46:03,in,,in,hit,IN,,,,,hit,,,,,,,,,
12/12/22 7:57:52,in,,in,hit,IN,,,,,hit,,,,,,,,,
12/12/22 8:02:06,out,,pbout,hit,,,,nope,,hit,,,,,,,,,
12/12/22 8:09:20,out,jacob,out,hit,,,OUT,,,hit,,,,,,,,,
12/12/22 8:10:08,in,jacob,in,miss,IN,,,,,miss,,,,,,,,,
12/12/22 8:10:55,out,jacob,out,miss,,,OUT,,,miss,,,,,,,,,
12/12/22 8:11:43,in,jacob,in,hit,IN,,,,,hit,,,,,,,,,
12/12/22 8:12:44,out,jacob,pbout,miss,,,,nope,,miss,,,,,,,,,
12/12/22 8:17:08,in,jacob,in,hit,IN,,,,,hit,,,,,,,,,
12/12/22 8:55:36,in,,in,hit,IN,,,,,hit,,,,,,,,,
12/12/22 8:58:35,in,,in,hit,IN,,,,,hit,,,,,,,,,
12/12/22 9:02:36,out,two people walk out together,out,hit,,,OUT,,,hit,,,,,,,,,
12/12/22 9:09:32,out,,out,hit,,,OUT,,,hit,,,,,,,,,
12/12/22 9:14:04,in,,in,hit,IN,,,,,hit,,,,,,,,,
12/12/22 9:20:01,in,,in,hit,IN,,,,,hit,,,,,,,,,
12/12/22 9:23:12,out,,out,hit,,,OUT,,,hit,,,,,,,,,
12/12/22 9:23:46,in,two people walk in together one right after the other,in,miss,IN,,,,,miss,,,,,,,,,
12/12/22 9:24:21,out/Linger,out/linger with one person and another joins to exit them going out,out/out,miss,,,,,,miss,,,,,,,,,
12/12/22 9:42:29,in,,in,hit,IN,,,,,hit,,,,,,,,,
12/12/22 9:47:06,out,,out,hit,,,OUT,,,hit,,,,,,,,,
12/12/22 9:50:55,in,,in,hit,IN,,,,,hit,,,,,,,,,
12/12/22 9:52:34,out,,out,miss,,,OUT,,,miss,,,,,,,,,
12/12/22 9:52:39,out/pbout,walked out to sweep then stopped,pbout,miss,,,,,,miss,,,,,,,,,
12/12/22 9:52:43,pbout/sweeping,"sweeping by the trash cans, body far, broom in view",pbout,miss,,,,,,miss,,,,,,,,,
12/12/22 9:54:15,in,,in,hit,IN,,,,,hit,,,,,,,,,
12/12/22 9:55:26,out,,pbout,miss,,,,nope,,miss,,,,,,,,,
12/12/22 9:55:31,in,,in,miss,IN,,,,,miss,,,,,,,,,
12/12/22 9:57:47,out/in,out for a second and back in,pbin,hit,,,,,,hit,,,,,,,,,
12/12/22 10:00:42,in,,in,hit,IN,,,,,hit,,,,,,,,,
12/12/22 10:01:49,out,,out,miss,,,OUT,,,miss,,,,,,,,,
12/12/22 10:05:27,in,,in,hit,IN,,,,,hit,,,,,,,,,
12/12/22 10:09:28,out,,pbout,hit,,,,nope,,hit,,,,,,,,,
12/12/22 10:18:09,out,,out,hit,,,OUT,,,hit,,,,,,,,,
12/12/22 10:19:37,in,,in,miss,IN,,,,,miss,,,,,,,,,
12/12/22 10:21:43,in,,in,hit,IN,,,,,hit,,,,,,,,,
12/12/22 10:32:17,out,,out,hit,,,OUT,,,hit,,,,,,,,,
12/12/22 10:35:51,out,,out,hit,,,OUT,,,hit,,,,,,,,,
12/12/22 10:36:30,in,,in,miss,IN,,,,,miss,,,,,,,,,
12/12/22 10:47:22,out,,out,hit,,,OUT,,,hit,,,,,,,,,
12/12/22 10:51:26,in,,in,hit,IN,,,,,hit,,,,,,,,,
12/12/22 11:24:53,in,,in,hit,IN,,,,,hit,,,,,,,,,
12/12/22 11:27:16,out,,out,hit,,,OUT,,,hit,,,,,,,,,
12/12/22 11:27:27,in,,in,miss,IN,,,,,miss,,,,,,,,,
12/12/22 11:27:40,in,,in,miss,IN,,,,,miss,,,,,,,,,
12/12/22 11:28:16,out,,out,miss,,,OUT,,,miss,,,,,,,,,
12/12/22 11:36:48,in,"janitor walking in slowly with a cart, about 6 seconds",in,hit,IN,,,,,hit,,,,,,,,,
12/12/22 11:39:06,in,,in,hit,IN,,,,,hit,,,,,,,,,
12/12/22 11:39:16,out,"janitor walking out slowly with a cart, about 6 seconds",out,miss,,,OUT,,,miss,,,,,,,,,
12/12/22 11:40:57,out,,out,miss,,,OUT,,,miss,,,,,,,,,
12/12/22 11:41:35,out,,out,hit,,,OUT,,,hit,,,,,,,,,
12/12/22 11:41:48,in,,in,miss,IN,,,,,miss,,,,,,,,,
12/12/22 11:49:50,out,,out,hit,,,OUT,,,hit,,,,,,,,,
12/12/22 11:58:23,in,,in,hit,IN,,,,,hit,,,,,,,,,
12/12/22 11:58:50,in,,in,miss,IN,,,,,miss,,,,,,,,,
12/12/22 12:04:27,in,,in,hit,IN,,,,,hit,,,,,,,,,
12/12/22 12:05:37,out,,out,miss,,,OUT,,,miss,,,,,,,,,
12/12/22 12:08:21,in,,in,hit,IN,,,,,hit,,,,,,,,,
12/12/22 12:15:48,out,,out,hit,,,OUT,,,hit,,,,,,,,,
12/12/22 12:17:56,out,,pbout,hit,,,,nope,,hit,,,,,,,,,
12/12/22 12:21:58,in,,in,hit,IN,,,,,hit,,,,,,,,,
12/12/22 12:31:35,in,,in,hit,IN,,,,,hit,,,,,,,,,
12/12/22 12:32:25,out,,out,miss,,,OUT,,,miss,,,,,,,,,
12/12/22 12:36:36,out,,pbout,hit,,,,nope,,hit,,,,,,,,,
12/12/22 12:37:43,in,,in,miss,IN,,,,,miss,,,,,,,,,
12/12/22 12:44:05,in,,in,hit,IN,,,,,hit,,,,,,,,,
12/12/22 12:46:48,out,,pbout,hit,,,,nope,,hit,,,,,,,,,
12/12/22 13:07:40,out,,out,hit,,,OUT,,,hit,,,,,,,,,
12/12/22 13:08:52,in,,in,miss,IN,,,,,miss,,,,,,,,,
12/12/22 13:09:09,in,,in,miss,IN,,,,,miss,,,,,,,,,
12/12/22 13:10:07,out,,out,hit,,,OUT,,,hit,,,,,,,,,
12/12/22 13:10:13,in,,in,miss,IN,,,,,miss,,,,,,,,,
12/12/22 13:11:08,in,,in,miss,IN,,,,,miss,,,,,,,,,
12/12/22 13:11:30,out,,out,miss,,,OUT,,,miss,,,,,,,,,
12/12/22 13:12:03,out,,out,miss,,,OUT,,,miss,,,,,,,,,
12/12/22 13:14:07,out,,out,hit,,,OUT,,,hit,,,,,,,,,
12/12/22 13:15:52,in,,in,miss,IN,,,,,miss,,,,,,,,,
12/12/22 13:27:18,out,,out,hit,,,OUT,,,hit,,,,,,,,,
12/12/22 13:29:42,in,,in,hit,IN,,,,,hit,,,,,,,,,
12/12/22 13:46:40,out,,out,hit,,,OUT,,,hit,,,,,,,,,
12/12/22 13:47:18,out,,out,miss,,,OUT,,,miss,,,,,,,,,
12/12/22 13:48:23,in,,in,miss,IN,,,,,miss,,,,,,,,,
12/12/22 13:48:53,in,,in,hit,IN,,,,,hit,,,,,,,,,
12/12/22 13:56:21,out,,out,hit,,,OUT,,,hit,,,,,,,,,
12/12/22 14:01:19,in,,in,hit,IN,,,,,hit,,,,,,,,,
12/12/22 14:21:13,out,,out,hit,,,OUT,,,hit,,,,,,,,,
12/12/22 14:23:25,in,,in,hit,IN,,,,,hit,,,,,,,,,
12/12/22 14:41:22,out,,out,hit,,,OUT,,,hit,,,,,,,,,
12/12/22 14:46:21,in,"two people walk in in quick succession one after the other, almost together, about 3 seconds",in,hit,IN,,,,,hit,,,,,,,,,
12/12/22 14:46:34,out,"two people walk out together at the same time, about 3 seconds",out,miss,,,OUT,,,miss,,,,,,,,,
12/12/22 14:48:47,out,"two people walk out in quick succession one after the other, almost together, about 3 seconds",pbout,hit,,,,nope,,hit,,,,,,,,,
12/12/22 14:49:16,in,"two people walk in together at the same time, about 4 seconds",in,miss,IN,,,,,miss,,,,,,,,,
12/12/22 14:49:32,in,,in,miss,IN,,,,,miss,,,,,,,,,
12/12/22 14:50:00,out,,out,miss,,,OUT,,,miss,,,,,,,,,
12/12/22 15:03:55,out,Me going out while throwing something away,out,hit,,,OUT,,,hit,,,,,,,,,
12/12/22 15:04:08,in,,in,miss,IN,,,,,miss,,,,,,,,,
12/12/22 15:04:15,out,,pbout,miss,,,,nope,,miss,,,,,,,,,
12/12/22 15:04:26,in,,in,miss,IN,,,,,miss,,,,,,,,,
12/12/22 15:20:08,out,,out,hit,,,OUT,,,hit,,,,,,,,,
12/12/22 15:21:48,in,,in,miss,IN,,,,,miss,,,,,,,,,
12/12/22 15:23:33,out,,pbout,hit,,,,nope,,hit,,,,,,,,,
12/12/22 15:25:51,in,,in,hit,IN,,,,,hit,,,,,,,,,
12/12/22 15:26:48,out,,out,miss,,,OUT,,,miss,,,,,,,,,
12/12/22 15:28:29,in,,in,hit,IN,,,,,hit,,,,,,,,,
12/12/22 15:35:51,out,,out,hit,,,OUT,,,hit,,,,,,,,,
12/12/22 15:46:37,out,,out,hit,,,OUT,,,hit,,,,,,,,,
12/12/22 15:52:37,in,,in,hit,IN,,,,,hit,,,,,,,,,
12/12/22 16:05:25,out,,out,hit,,,OUT,,,hit,,,,,,,,,
12/12/22 16:07:59,in,,in,hit,IN,,,,,hit,,,,,,,,,
12/12/22 16:09:07,out,,out,miss,,,OUT,,,miss,,,,,,,,,
12/12/22 16:10:08,in,,in,hit,IN,,,,,hit,,,,,,,,,
12/12/22 16:15:26,out,"person goes out, but then pauses by the trash before continuing his exit out, about 5 seconds",out,hit,,,OUT,,,hit,,,,,,,,,
12/12/22 16:16:39,in,,in,miss,IN,,,,,miss,,,,,,,,,
12/12/22 16:22:14,out,,out,,,,OUT,,,miss,,,,,,,,,
12/12/22 16:22:21,in,,in,hit,IN,,,,,hit,,,,,,,,,
12/12/22 16:54:34,in,,in,miss,IN,,,,,miss,,,,,,,,,
12/12/22 17:25:21,out,,out,hit,,,OUT,,,hit,,,,,,,,,
12/12/22 17:25:27,in,,in,hit,IN,,,,,hit,,,,,,,,,
12/12/22 17:26:21,in,,in,miss,IN,,,,,miss,,,,,,,,,
12/12/22 17:28:46,in,,in,miss,IN,,,,,miss,,,,,,,,,
12/12/22 17:29:17,out,,out,hit,,,OUT,,,hit,,,,,,,,,
12/12/22 18:19:51,out,,out,miss,,,OUT,,,miss,,,,,,,,,
12/12/22 18:50:02,in,,in,hit,IN,,,,,hit,,,,,,,,,
12/12/22 18:53:44,out,,out,hit,,,OUT,,,hit,,,,,,,,,
12/12/22 21:46:11,out,,pbout,hit,,,,nope,,hit,,,,,,,,,
12/12/22 22:00:17,in,,in,hit,IN,,,,,hit,,,,,,,,,
12/13/22 6:49:05,in,,in,hit,IN,,,,,hit,,,,,,,,,
12/13/22 6:52:48,out,,out,hit,,,OUT,,,hit,,,,,,,,,
12/13/22 6:54:48,in,,in,hit,IN,,,,,hit,,,,,,,,,
12/13/22 7:27:18,out,,out,hit,,,OUT,,,hit,,,,,,,,,
12/13/22 7:29:25,in,,in,hit,IN,,,,,hit,,,,,,,,,
12/13/22 7:35:03,in,,in,hit,IN,,,,,hit,,,,,,,,,
12/13/22 7:36:38,out/in,"subject goes out just enough to place something in the trash then exits on the in side, about 5 seconds",in,miss,,,,,,miss,,,,,,,,,
12/13/22 7:42:57,out,,pbout,hit,,,,nope,,hit,,,,,,,,,
12/13/22 7:43:59,out,,out,miss,,,OUT,,,miss,,,,,,,,,
12/13/22 7:45:57,in,"two people walk in in quick succession, one after the other almost together",in,hit,IN,,,,,hit,,,,,,,,,
12/13/22 8:09:52,in,"two people walk in in quick succession, one after the other almost together",in,hit,IN,,,,,hit,,,,,,,,,
12/13/22 8:13:19,out,,pbout,hit,,,,nope,,hit,,,,,,,,,
12/13/22 8:13:30,in,,in,miss,IN,,,,,miss,,,,,,,,,
12/13/22 8:15:11,in,,in,miss,IN,,,,,miss,,,,,,,,,
12/13/22 8:33:51,out,,pbout,hit,,,,nope,,hit,,,,,,,,,
12/13/22 8:35:02,in,,in,miss,IN,,,,,miss,,,,,,,,,
12/13/22 8:35:59,out,,pbout,hit,,,,nope,,hit,,,,,,,,,
12/13/22 8:37:52,in,,in,miss,IN,,,,,miss,,,,,,,,,
12/13/22 8:38:19,out,,out,hit,,,OUT,,,hit,,,,,,,,,
12/13/22 8:40:00,in,,in,miss,IN,,,,,miss,,,,,,,,,
12/13/22 8:41:36,out,,pbout,hit,,,,nope,,hit,,,,,,,,,
12/13/22 8:41:48,in,,in,miss,IN,,,,,miss,,,,,,,,,
12/13/22 8:42:46,out,,pbout,miss,,,,nope,,miss,,,,,,,,,
12/13/22 9:02:30,in,,in,hit,IN,,,,,hit,,,,,,,,,
12/13/22 9:24:48,out,,out,hit,,,OUT,,,hit,,,,,,,,,
12/13/22 9:34:06,in,,in,hit,IN,,,,,hit,,,,,,,,,
12/13/22 9:35:08,out,,pbout,miss,,,,nope,,miss,,,,,,,,,
12/13/22 9:36:53,in,,in,hit,IN,,,,,hit,,,,,,,,,
12/13/22 9:58:03,out,,out,miss,,,OUT,,,miss,****,,,,,,,,
12/13/22 10:00:06,pbin/in,person goes to throw trash away and turn back to exit on the in-side,in,hit,,,,,,hit,,,,,,,,,
12/13/22 10:00:54,in,,in,miss,IN,,,,,miss,,,,,,,,,
12/13/22 10:23:42,in,janitor walks in carrying a broom otherwise normal,in,hit,IN,,,,,hit,,,,,,,,,
12/13/22 10:32:03,out,janitor walks out carrying a broom otherwise normal,pbout,hit,,,,nope,,hit,,,,,,,,,
12/13/22 10:34:15,in,,in,hit,IN,,,,,hit,,,,,,,,,
12/13/22 10:42:13,out,,pbout,hit,,,,nope,,hit,,,,,,,,,
12/13/22 10:45:13,in,"arwa walking very very slowly under the sensor, video shows 12 seconds",pbout,hit,,nope,,,,hit,,,,,,,,,
12/13/22 10:50:23,in,Dr. Dean coming in,in,hit,IN,,,,,hit,,,,,,,,,
12/13/22 10:57:25,out,,out,hit,,,OUT,,,hit,,,,,,,,,
12/13/22 11:00:17,in,,in,hit,IN,,,,,hit,,,,,,,,,
12/13/22 11:00:42,out,,out,miss,,,OUT,,,miss,,,,,,,,,
12/13/22 11:01:40,out/pbout,subject goes out then pauses by the trash before continuing out about 7 seconds,pbout,miss,,,,,,miss,,,,,,,,,
12/13/22 11:03:10,in,,in,hit,IN,,,,,hit,,,,,,,,,
12/13/22 11:14:21,in,,in,hit,IN,,,,,hit,,,,,,,,,
12/13/22 11:15:03,out,,pbout,miss,,,,nope,,miss,,,,,,,,,
12/13/22 11:16:36,in,,in,hit,IN,,,,,hit,,,,,,,,,
12/13/22 11:22:12,out,subject walks slowly under looking at phone about 6 seconds,pbout,hit,,,,nope,,hit,,,,,,,,,
12/13/22 11:25:12,in,,in,hit,IN,,,,,hit,,,,,,,,,
12/13/22 11:25:57,out/linger/in,person crosses doorway to linger and throw away trash then turns back and walks in about 10 seconds,in,miss,,,,,,miss,,,,,,,,,
12/13/22 11:27:28,out/linger,person continues lingering and throw away trash  about 6 seconds,pbout,hit,,,,,,hit,,,,,,,,,
12/13/22 11:27:35,linger/in,person (again) lingers at trash can then walks back in  about 5 seconds,in,miss,,,,,,miss,,,,,,,,,
12/13/22 11:28:50,pbin/iliner/in,person (again) has trash to throw away only arm crosses threshold this time,in,miss,,,,,,miss,,,,,,,,,
12/13/22 11:33:24,out,,out,hit,,,OUT,,,hit,,,,,,,,,
12/13/22 11:47:04,out,,out,hit,,,OUT,,,hit,,,,,,,,,
12/13/22 12:00:06,in,,in,hit,IN,,,,,hit,,,,,,,,,
12/13/22 12:05:20,in,,in,hit,IN,,,,,hit,,,,,,,,,
12/13/22 12:27:18,out,,pbout,hit,,,,nope,,hit,,,,,,,,,
12/13/22 12:28:48,out,,out,miss,,,OUT,,,miss,,,,,,,,,
12/13/22 12:30:07,in,,in,hit,IN,,,,,hit,,,,,,,,,
12/13/22 12:30:33,out,,out,miss,,,OUT,,,miss,,,,,,,,,
12/13/22 12:32:48,in,,in,hit,IN,,,,,hit,,,,,,,,,
12/13/22 12:36:50,in,,in,hit,IN,,,,,hit,,,,,,,,,
12/13/22 12:44:12,in,,in,hit,IN,,,,,hit,,,,,,,,,
12/13/22 12:50:48,out,,out,hit,,,OUT,,,hit,,,,,,,,,
12/13/22 12:50:55,in,,in,miss,IN,,,,,miss,,,,,,,,,
12/13/22 12:52:52,in,,in,hit,IN,,,,,hit,,,,,,,,,
12/13/22 12:54:19,out,,out,miss,,,OUT,,,miss,,,,,,,,,
12/13/22 12:56:18,out,,out,hit,,,OUT,,,hit,,,,,,,,,
12/13/22 12:59:48,out,,pbout,hit,,,,nope,,hit,,,,,,,,,
12/13/22 13:00:31,in,,in,miss,IN,,,,,miss,,,,,,,,,
12/13/22 13:02:01,out,,pbout,hit,,,,nope,,hit,,,,,,,,,
12/13/22 13:08:41,in,,in,hit,IN,,,,,hit,,,,,,,,,
12/13/22 13:11:49,in,,in,hit,IN,,,,,hit,,,,,,,,,
12/13/22 13:14:39,out,,out,hit,,,OUT,,,hit,,,,,,,,,
12/13/22 13:15:03,out,,out,miss,,,OUT,,,miss,,,,,,,,,
12/13/22 13:15:41,in,,in,miss,IN,,,,,miss,,,,,,,,,
12/13/22 13:16:26,out,,out,miss,,,OUT,,,miss,,,,,,,,,
12/13/22 13:18:13,in,,in,hit,IN,,,,,hit,,,,,,,,,
12/13/22 13:19:44,out,,out,miss,,,OUT,,,miss,,,,,,,,,
12/13/22 13:21:45,out,,pbout,hit,,,,nope,,hit,,,,,,,,,
12/13/22 13:25:42,in,,in,hit,IN,,,,,hit,,,,,,,,,
12/13/22 13:32:53,pbout/in,trash lady coming up yet again to toss trash in - arm only crosses threshold,pbout,hit,,,,,,hit,,,,,,,,,
12/13/22 13:45:15,out,,out,hit,,,OUT,,,hit,,,,,,,,,
12/13/22 13:46:26,in,,in,miss,IN,,,,,miss,,,,,,,,,
12/13/22 13:47:23,in,,in,hit,IN,,,,,hit,,,,,,,,,
12/13/22 13:48:02,out,,out,miss,,,OUT,,,miss,,,,,,,,,
12/13/22 13:52:13,out/linger/in,trash lady strikes again! She crosses threshold and throws away trash to turn right back round,in,hit,,,,,,hit,,,,,,,,,
12/13/22 14:11:42,out,,pbout,hit,,,,nope,,hit,,,,,,,,,
12/13/22 14:13:00,in,,in,miss,IN,,,,,miss,,,,,,,,,
12/13/22 14:13:08,in,,in,miss,IN,,,,,miss,,,,,,,,,
12/13/22 14:14:12,in,,in,hit,IN,,,,,hit,,,,,,,,,
12/13/22 14:14:36,out,,out,miss,,,OUT,,,miss,,,,,,,,,
12/13/22 14:17:32,in,,in,hit,IN,,,,,hit,,,,,,,,,
12/13/22 14:23:18,out,,out,hit,,,OUT,,,hit,,,,,,,,,
12/13/22 14:24:10,in,,in,miss,IN,,,,,miss,,,,,,,,,
12/13/22 14:24:34,out,,out,miss,,,OUT,,,miss,,,,,,,,,
12/13/22 14:24:50,out,,out,miss,,,OUT,,,miss,,,,,,,,,
12/13/22 14:26:31,in,,in,hit,IN,,,,,hit,,,,,,,,,
12/13/22 14:26:43,in,,in,miss,IN,,,,,miss,,,,,,,,,
12/13/22 14:30:26,out,,out,hit,,,OUT,,,hit,,,,,,,,,
12/13/22 14:32:15,out,,out,miss,,,OUT,,,miss,,,,,,,,,
12/13/22 14:34:34,in,,in,hit,IN,,,,,hit,,,,,,,,,
12/13/22 14:34:50,out/linger/in,trash lady strikes again! She crosses threshold and throws away trash to turn right back round,in,miss,,,,,,miss,,,,,,,,,
12/13/22 14:39:05,out,,pbout,hit,,,,nope,,hit,,,,,,,,,
12/13/22 14:40:52,in,,in,miss,IN,,,,,miss,,,,,,,,,
12/13/22 14:41:10,in,,in,hit,IN,,,,,hit,,,,,,,,,
12/13/22 14:41:20,out,,out,miss,,,OUT,,,miss,,,,,,,,,
12/13/22 14:43:20,in,,in,hit,IN,,,,,hit,,,,,,,,,
12/13/22 14:44:08,out,,pbout,miss,,,,nope,,miss,,,,,,,,,
12/13/22 14:46:09,in,,in,hit,IN,,,,,hit,,,,,,,,,
12/13/22 14:47:22,out,,out,miss,,,OUT,,,miss,,,,,,,,,
12/13/22 15:00:12,out,,out,hit,,,OUT,,,hit,,,,,,,,,
12/13/22 15:02:04,out,,pbout,miss,,,,nope,,miss,,,,,,,,,
12/13/22 15:03:08,in,,in,miss,IN,,,,,miss,,,,,,,,,
12/13/22 15:03:15,in,,in,hit,IN,,,,,hit,,,,,,,,,
12/13/22 15:20:08,out,,out,hit,,,OUT,,,hit,,,,,,,,,
12/13/22 15:22:28,in,,in,hit,IN,,,,,hit,,,,,,,,,
12/13/22 15:30:26,out,two people walk out in quick succession a couple of seconds apart,out,hit,,,OUT,,,hit,,,,,,,,,
12/13/22 15:35:05,out,,out,hit,,,OUT,,,hit,,,,,,,,,
12/13/22 15:35:39,out,,out,miss,,,OUT,,,miss,,,,,,,,,
12/13/22 15:37:50,out,,out,hit,,,OUT,,,hit,,,,,,,,,
12/13/22 15:38:00,in,,in,miss,IN,,,,,miss,,,,,,,,,
12/13/22 15:38:19,in,,in,miss,IN,,,,,miss,,,,,,,,,
12/13/22 15:38:28,in,,in,miss,IN,,,,,miss,,,,,,,,,
12/13/22 15:47:42,out/linger,person (ag chair) walks out then stand under sensor looking at it for 4 seconds,out,hit,,,,,,hit,,,,,,,,,
12/13/22 15:47:47,linger/in,ag chair continues to linger and look at the system for 17 seconds then leaves to the in side,in,,,,,,,,,,,,,,,,
12/13/22 16:19:17,out,,out,hit,,,OUT,,,hit,,,,,,,,,
12/13/22 16:19:26,pbout,subject foot comes in view to throw away some trash then exits. A shadow is cast and could be picked up by the sensor,pbout,miss,,,,,,miss,,,,,,,,,
12/13/22 16:24:06,in,,in,hit,IN,,,,,hit,,,,,,,,,
12/13/22 16:25:01,in,,in,miss,IN,,,,,miss,,,,,,,,,
12/13/22 16:26:44,out,,out,hit,,,OUT,,,hit,,,,,,,,,
12/13/22 16:29:20,out,,out,hit,,,OUT,,,hit,,,,,,,,,
12/13/22 16:37:38,out,,pbout,hit,,,,nope,,hit,,,,,,,,,
12/13/22 16:41:14,in,,in,hit,IN,,,,,hit,,,,,,,,,
12/13/22 16:41:22,out,,out,miss,,,OUT,,,miss,,,,,,,,,
12/13/22 16:43:57,in,,in,hit,IN,,,,,hit,,,,,,,,,
12/13/22 17:22:28,in,,in,hit,IN,,,,,hit,,,,,,,,,
12/13/22 21:27:13,out,,pbout,hit,,,,nope,,hit,,,,,,,,,
12/13/22 21:48:49,in,,in,hit,IN,,,,,hit,,,,,,,,,
12/14/22 5:42:17,out,,out,hit,,,OUT,,,hit,,,,,,,,,
12/14/22 5:45:45,in,,in,hit,IN,,,,,hit,,,,,,,,,
12/14/22 5:46:31,out,,out,miss,,,OUT,,,miss,,,,,,,,,
12/14/22 5:48:34,in,,in,hit,IN,,,,,hit,,,,,,,,,
12/14/22 7:37:04,out,,out,hit,,,OUT,,,hit,,,,,,,,,
12/14/22 7:37:58,in,,in,miss,IN,,,,,miss,,,,,,,,,
12/14/22 7:38:40,in,,in,miss,IN,,,,,miss,,,,,,,,,
12/14/22 7:51:12,out,,pbout,hit,,,,nope,,hit,,,,,,,,,
12/14/22 7:51:19,in,,in,miss,IN,,,,,miss,,,,,,,,,
12/14/22 7:52:35,in,,in,miss,IN,,,,,miss,,,,,,,,,
12/14/22 7:54:04,out,,out,hit,,,OUT,,,hit,,,,,,,,,
12/14/22 7:54:52,out,,pbout,miss,,,,nope,,miss,,,,,,,,,
12/14/22 7:57:07,in,lady walks in pushing a highly reflective metal cart,in,hit,IN,,,,,hit,,,,,,,,,
12/14/22 8:05:42,out,,pbout,hit,,,,nope,,hit,,,,,,,,,
12/14/22 8:08:53,in,"janitor carrying a broom, otherwise normal",in,hit,IN,,,,,hit,,,,,,,,,
12/14/22 8:10:38,out,"janitor carrying a broom, otherwise normal",out,miss,,,OUT,,,miss,,,,,,,,,
12/14/22 8:14:41,in,,in,hit,IN,,,,,hit,,,,,,,,,
12/14/22 8:17:13,out,,out,hit,,,OUT,,,hit,,,,,,,,,
12/14/22 8:18:11,in,,in,miss,IN,,,,,miss,,,,,,,,,
12/14/22 8:21:17,in,"big guy, light shirt, walking slowly",in,hit,IN,,,,,hit,,,,,,,,,
12/14/22 8:30:36,out,"big guy, light shirt, walking slowly",out,hit,,,OUT,,,hit,,,,,,,,,
12/14/22 8:31:19,in,,in,miss,IN,,,,,miss,,,,,,,,,
12/14/22 8:31:45,in,,in,miss,IN,,,,,miss,,,,,,,,,
12/14/22 8:33:04,out,,pbout,hit,,,,nope,,hit,,,,,,,,,
12/14/22 8:34:35,out,,out,miss,,,OUT,,,miss,,,,,,,,,
12/14/22 8:49:19,out,"pauses at trash breifly, then continues out",out,hit,,,OUT,,,hit,,,,,,,,,
12/14/22 8:50:58,in,,in,miss,IN,,,,,miss,,,,,,,,,
12/14/22 8:53:11,out,,pbout,hit,,,,nope,,hit,,,,,,,,,
12/14/22 8:55:37,in,,in,hit,IN,,,,,hit,,,,,,,,,
12/14/22 8:57:59,out,,out,hit,,,OUT,,,hit,,,,,,,,,
12/14/22 9:08:02,in,,in,hit,IN,,,,,hit,,,,,,,,,
12/14/22 9:09:59,in,,in,miss,IN,,,,,miss,,,,,,,,,
12/14/22 9:11:09,out,,out,hit,,,OUT,,,hit,,,,,,,,,
12/14/22 9:12:20,in,walks in dragging a pulley cart,in,miss,IN,,,,,miss,,,,,,,,,
12/14/22 9:13:26,out,walks out dragging a pulley cart with white boxes,out,hit,,,OUT,,,hit,,,,,,,,,
12/14/22 9:17:23,in,,in,hit,IN,,,,,hit,,,,,,,,,
12/14/22 9:17:39,in,,in,miss,IN,,,,,miss,,,,,,,,,
12/14/22 9:37:25,in,,in,hit,IN,,,,,hit,,,,,,,,,
12/14/22 9:38:10,out,,out,miss,,,OUT,,,miss,,,,,,,,,
12/14/22 9:49:55,pbin,person walks in view to toss trash in the trash can,pbout,hit,,,,,,hit,,,,,,,,,
12/14/22 9:50:52,out,,out,miss,,,OUT,,,miss,,,,,,,,,
12/14/22 9:51:08,out,,out,miss,,,OUT,,,miss,,,,,,,,,
12/14/22 9:54:36,in,,in,hit,IN,,,,,hit,,,,,,,,,
12/14/22 9:56:08,in,,in,miss,IN,,,,,miss,,,,,,,,,
12/14/22 9:57:59,out,person walks out pushing metal cart,out,hit,,,OUT,,,hit,,,,,,,,,
12/14/22 9:59:27,out,,out,miss,,,OUT,,,miss,,,,,,,,,
12/14/22 10:00:37,in,,in,hit,IN,,,,,hit,,,,,,,,,
12/14/22 10:01:28,in,,in,miss,IN,,,,,miss,,,,,,,,,
12/14/22 10:03:57,out,,pbout,hit,,,,nope,,hit,,,,,,,,,
12/14/22 10:15:03,in,,in,hit,IN,,,,,hit,,,,,,,,,
12/14/22 10:15:24,out,,out,miss,,,OUT,,,miss,,,,,,,,,
12/14/22 10:15:41,in,"two people walk in in quick sucession of each other, maybe a second apart",in,miss,IN,,,,,miss,,,,,,,,,
12/14/22 10:16:55,out,,out,miss,,,OUT,,,miss,,,,,,,,,
12/14/22 10:18:09,in,,in,hit,IN,,,,,hit,,,,,,,,,
12/14/22 10:20:54,in,,in,hit,IN,,,,,hit,,,,,,,,,
12/14/22 10:30:35,in,,in,hit,IN,,,,,hit,,,,,,,,,
12/14/22 10:33:17,in,,in,hit,IN,,,,,hit,,,,,,,,,
12/14/22 10:43:02,in,,in,hit,IN,,,,,hit,,,,,,,,,
12/14/22 10:43:41,out,,out,miss,,,OUT,,,miss,,,,,,,,,
12/14/22 10:45:50,in,carryingn something - looks like a labtop - reflective in their hands,in,hit,IN,,,,,hit,,,,,,,,,
12/14/22 10:50:25,out,carryingn something - looks like a labtop - reflective in their hands,out,hit,,,OUT,,,hit,,,,,,,,,
12/14/22 10:53:25,out,,out,hit,,,OUT,,,hit,,,,,,,,,
12/14/22 10:58:15,in,,in,hit,IN,,,,,hit,,,,,,,,,
12/14/22 10:59:06,in,,in,miss,IN,,,,,miss,,,,,,,,,
12/14/22 10:59:59,in,,in,miss,IN,,,,,miss,,,,,,,,,
12/14/22 11:01:01,in,,in,hit,IN,,,,,hit,,,,,,,,,
12/14/22 11:01:08,out,,pbout,miss,,,,nope,,miss,,,,,,,,,
12/14/22 11:05:50,out,"three people total go out, two people side by side and a third in quick succession, about 6 seconds",out,hit,,,OUT,,,hit,,,,,,,,,
12/14/22 11:10:08,in,,in,hit,IN,,,,,hit,,,,,,,,,
12/14/22 11:10:31,out,,out,miss,,,OUT,,,miss,,,,,,,,,
12/14/22 11:10:42,in,,in,miss,IN,,,,,miss,,,,,,,,,
12/14/22 11:11:29,out,,out,miss,,,OUT,,,miss,,,,,,,,,
12/14/22 11:11:45,out,,out,miss,,,OUT,,,miss,,,,,,,,,
12/14/22 11:14:09,in,,in,hit,IN,,,,,hit,,,,,,,,,
12/14/22 11:24:36,out,,in,hit,,,,nope,,hit,,,,,,,,,
12/14/22 11:30:57,in,,in,hit,IN,,,,,hit,,,,,,,,,
12/14/22 11:36:52,out,,out,hit,,,OUT,,,hit,,,,,,,,,
12/14/22 11:38:42,in,,in,miss,IN,,,,,miss,,,,,,,,,
12/14/22 11:39:36,in,,in,hit,IN,,,,,hit,,,,,,,,,
12/14/22 11:40:02,out,,out,,,,OUT,,,miss,,,,,,,,,
12/14/22 12:02:08,out,,pbout,hit,,,,nope,,hit,,,,,,,,,
12/14/22 12:05:18,out,,out,hit,,,OUT,,,hit,,,,,,,,,
12/14/22 12:05:31,in,,in,,IN,,,,,miss,,,,,,,,,
12/14/22 12:09:00,out,,out,hit,,,OUT,,,hit,,,,,,,,,
12/14/22 12:10:40,in,,in,,IN,,,,,miss,,,,,,,,,
12/14/22 12:10:45,in,,in,,IN,,,,,miss,,,,,,,,,
12/14/22 12:20:34,in,two people walk in through the doorway at the same time,in,hit,IN,,,,,hit,,,,,,,,,
12/14/22 12:21:56,out,two people walk out through the doorway at the same time,out,,,,OUT,,,miss,,,,,,,,,
12/14/22 12:26:34,out,,out,hit,,,OUT,,,hit,,,,,,,,,
12/14/22 12:34:34,in,,in,hit,IN,,,,,hit,,,,,,,,,
12/14/22 12:34:49,out,,pbout,,,,,nope,,miss,,,,,,,,,
12/14/22 12:34:57,out/in,"two people pass through the doorway within the event window, first goes out then the other walks in",in,,,,,,,miss,,,,,,,,,
12/14/22 12:44:40,in,"two people walk in in quick sucession of each other, maybe a second apart",in,hit,IN,,,,,hit,,,,,,,,,
12/14/22 12:49:02,out,,out,hit,,,OUT,,,hit,,,,,,,,,
12/14/22 12:50:31,in,,in,,IN,,,,,miss,,,,,,,,,
12/14/22 13:14:15,in,walks in pushing reflective metal cart,in,hit,IN,,,,,hit,,,,,,,,,
12/14/22 13:23:10,in,,in,hit,IN,,,,,hit,,,,,,,,,
12/14/22 13:23:58,out,,out,hit,,,OUT,,,hit,,,,,,,,,
12/14/22 13:25:24,in,holding something reflective like the inside of a candy wrapper,in,,IN,,,,,miss,,,,,,,,,
12/14/22 13:26:18,out/in,"person walks out to throw something in recycling then turns back around and walks in, about 6 seconds",out/in,hit,,,,,,hit,,,,,,,,,
12/14/22 13:31:39,in,,in,hit,IN,,,,,hit,,,,,,,,,
12/14/22 13:35:27,out,,out,hit,,,OUT,,,hit,,,,,,,,,
12/14/22 13:39:26,out,,out,hit,,,OUT,,,hit,,,,,,,,,
12/14/22 13:45:40,in,,in,hit,IN,,,,,hit,,,,,,,,,
12/14/22 13:49:50,in,,in,hit,IN,,,,,hit,,,,,,,,,
12/14/22 13:55:01,out,,pbout,hit,,,,nope,,hit,,,,,,,,,
12/14/22 13:58:35,in,,in,hit,IN,,,,,hit,,,,,,,,,
12/14/22 14:00:33,in,,in,hit,IN,,,,,hit,,,,,,,,,
12/14/22 14:00:45,out,,out,,,,OUT,,,miss,,,,,,,,,
12/14/22 14:03:08,pbin,"starts to walk in but turns around, probably sets off sensor",pbin,hit,,,,,,hit,,,,,,,,,
12/14/22 14:03:30,out,,out,,,,OUT,,,miss,,,,,,,,,
12/14/22 14:06:52,out,,pbout,hit,,,,nope,,hit,,,,,,,,,
12/14/22 14:12:57,in,two people walk in through the doorway at the same time,in,hit,IN,,,,,hit,,,,,,,,,
12/14/22 14:28:31,out,pushing out the metal cart,out,hit,,,OUT,,,hit,,,,,,,,,
12/14/22 14:29:53,in,,in,,IN,,,,,miss,,,,,,,,,
12/14/22 14:32:32,in,,in,hit,IN,,,,,hit,,,,,,,,,
12/14/22 14:34:56,in,,in,hit,IN,,,,,hit,,,,,,,,,
12/14/22 14:36:53,in,"janitor carrying a broom, otherwise normal",in,hit,IN,,,,,hit,,,,,,,,,
12/14/22 14:38:27,out,,out,,,,OUT,,,miss,,,,,,,,,
12/14/22 14:41:54,in,,in,hit,IN,,,,,hit,,,,,,,,,
12/14/22 14:42:26,in,,in,,IN,,,,,miss,,,,,,,,,
12/14/22 14:43:02,out,,out,,,,OUT,,,miss,,,,,,,,,
12/14/22 14:43:16,out,"janitor carrying a broom, otherwise normal",out,,,,OUT,,,miss,,,,,,,,,
12/14/22 14:44:50,out,,out,hit,,,OUT,,,hit,,,,,,,,,
12/14/22 14:45:37,in,"two people walk in in quick sucession of each other, maybe a second apart",in,,IN,,,,,miss,,,,,,,,,
12/14/22 14:53:10,out,"two people walk out in quick sucession of each other, maybe a second apart",out,hit,,,OUT,,,hit,,,,,,,,,
12/14/22 15:02:49,out,,out,hit,,,OUT,,,hit,,,,,,,,,
12/14/22 15:05:30,in,,in,hit,IN,,,,,hit,,,,,,,,,
12/14/22 15:11:27,out,"subject walks out very slowly looking at phone, about 5 seconds",out,hit,,,OUT,,,hit,,,,,,,,,
12/14/22 15:11:45,pbout/linger,"person walks into view, then lingers about 6 seconds",pbout,,,,,,,miss,,,,,,,,,
12/14/22 15:11:51,linger,same person as before,pbout,,,,,,,miss,,,,,,,,,
12/14/22 15:11:52,pbout,person from before finishes linger and exits out,pbout,,,,,,,miss,,,,,,,,,
12/14/22 15:14:03,in,,in,hit,IN,,,,,hit,,,,,,,,,
12/14/22 15:19:26,in,,in,hit,IN,,,,,hit,,,,,,,,,
12/14/22 15:29:11,in,,in,hit,IN,,,,,hit,,,,,,,,,
12/14/22 15:34:57,out,,out,hit,,,OUT,,,hit,,,,,,,,,
12/14/22 15:37:34,out,,out,hit,,,OUT,,,hit,,,,,,,,,
12/14/22 15:41:10,out,,out,hit,,,OUT,,,hit,,,,,,,,,
12/14/22 15:42:58,in,,in,,IN,,,,,miss,,,,,,,,,
12/14/22 15:43:58,out,,out,hit,,,OUT,,,hit,,,,,,,,,
12/14/22 16:00:02,out,Nicole,pbout,hit,,,,nope,,hit,,,,,,,,,
12/14/22 16:01:04,in,Nicole,in,,IN,,,,,miss,,,,,,,,,
12/14/22 16:51:05,out,,out,hit,,,OUT,,,hit,,,,,,,,,
12/14/22 16:51:15,in,,in,,IN,,,,,miss,,,,,,,,,
12/14/22 16:51:58,out,,out,,,,OUT,,,miss,,,,,,,,,
12/14/22 16:52:08,in,,in,,IN,,,,,miss,,,,,,,,,
12/14/22 16:53:02,out,,out,,,,OUT,,,miss,,,,,,,,,
12/14/22 16:53:10,in,,in,hit,IN,,,,,hit,,,,,,,,,
12/14/22 16:53:55,out,,out,,,,OUT,,,miss,,,,,,,,,
12/14/22 16:54:06,in,,in,,IN,,,,,miss,,,,,,,,,
12/14/22 17:02:12,out,,out,hit,,,OUT,,,hit,,,,,,,,,
12/14/22 17:03:14,in,,in,,IN,,,,,miss,,,,,,,,,
12/14/22 17:33:50,out,,out,hit,,,OUT,,,hit,,,,,,,,,
12/14/22 17:34:02,in,,in,,IN,,,,,miss,,,,,,,,,
12/14/22 23:42:08,out,,in,hit,,,,nope,,hit,,,,,,,,,
12/14/22 23:54:43,in,,in,hit,IN,,,,,hit,,,,,,,,,
12/15/22 6:59:51,in,carrying an umbrella out in front like a sword - otherwise normal,in,hit,IN,,,,,hit,,,,,,,,,
12/15/22 7:03:07,out,,out,hit,,,OUT,,,hit,,,,,,,,,
12/15/22 7:05:33,in,,in,hit,IN,,,,,hit,,,,,,,,,
12/15/22 7:30:37,in,,in,hit,IN,,,,,hit,,,,,,,,,
12/15/22 7:37:38,out,,out,hit,,,OUT,,,hit,,,,,,,,,
12/15/22 7:39:08,in,,in,,IN,,,,,miss,,,,,,,,,
12/15/22 8:12:51,in,,in,hit,IN,,,,,hit,,,,,,,,,
12/15/22 8:14:10,pbin/linger/out,janitor stops to sweep on the pbin side -  then lingers - then exits out - about 8 seconds,pbout,,,,,,,miss,,,,,,,,,
12/15/22 8:20:43,out,Jacob,out,hit,,,OUT,,,hit,,,,,,,,,
12/15/22 8:22:17,in,,in,,IN,,,,,miss,,,,,,,,,
12/15/22 8:24:22,out,,out,hit,,,OUT,,,hit,,,,,,,,,
12/15/22 8:27:31,in,Jacob,in,hit,IN,,,,,hit,,,,,,,,,
12/15/22 8:30:05,out,,out,hit,,,OUT,,,hit,,,,,,,,,
12/15/22 8:31:40,in,,in,,IN,,,,,miss,,,,,,,,,
12/15/22 9:05:38,in,,in,hit,IN,,,,,hit,,,,,,,,,
12/15/22 9:06:53,out,,out,,,,OUT,,,miss,,,,,,,,,
12/15/22 9:08:18,in,,in,hit,IN,,,,,hit,,,,,,,,,
12/15/22 9:09:16,out,,pbout,,,,,nope,,miss,,,,,,,,,
12/15/22 9:13:24,in,,in,hit,IN,,,,,hit,,,,,,,,,
12/15/22 9:15:32,out,,pbout,hit,,,,nope,,hit,,,,,,,,,
12/15/22 9:18:32,in,lady walks in normally but it pushing a reflective metal cart,in,hit,IN,,,,,hit,,,,,,,,,
12/15/22 9:27:47,in,,in,hit,IN,,,,,hit,,,,,,,,,
12/15/22 9:30:08,out,,out,hit,,,OUT,,,hit,,,,,,,,,
12/15/22 9:38:35,pbin,person steps into camera close enough to throw something away and switches back to exit on the pbin side without crossing the doorway,in,hit,,,,,,hit,,,,,,,,,
12/15/22 9:38:49,out,,out,,,,OUT,,,miss,,,,,,,,,
12/15/22 9:39:54,in,,in,,IN,,,,,miss,,,,,,,,,
12/15/22 9:40:28,in,,in,,IN,,,,,miss,,,,,,,,,
12/15/22 9:41:50,pbin/in,person steps into camera almost crosses doorway but arm is the only thing that crosses to throw something away and switches back to exit on the pbin side without crossing the doorway,in,hit,,,,,,hit,,,,,,,,,
12/15/22 9:42:41,pbin/in,person (again) steps into camera almost crosses doorway but arm is the only thing that crosses to throw something away and switches back to exit on the pbin side without crossing the doorway,in,,,,,,,miss,,,,,,,,,
12/15/22 9:44:42,pbin,person (again) steps into camera close enough to throw something away and switches back to exit on the pbin side without crossing the doorway,out,hit,,,,,,hit,,,,,,,,,
12/15/22 9:50:57,out,,out,hit,,,OUT,,,hit,,,,,,,,,
12/15/22 9:53:05,in,,in,hit,IN,,,,,hit,,,,,,,,,
12/15/22 10:00:26,pbin,person (again) steps into camera close enough to throw something away and switches back to exit on the pbin side without crossing the doorway,out,hit,,,,,,hit,,,,,,,,,
12/15/22 10:07:43,in,,in,hit,IN,,,,,hit,,,,,,,,,
12/15/22 10:09:52,out,,pbout,hit,,,,nope,,hit,,,,,,,,,
12/15/22 10:19:55,out/in,"person goes out to throw something away in the recycling then doubles back to come in, about 5 seconds",in,hit,,,,,,hit,,,,,,,,,
12/15/22 10:52:12,in,,in,hit,IN,,,,,hit,,,,,,,,,
12/15/22 10:56:16,out,,out,hit,,,OUT,,,hit,,,,,,,,,
12/15/22 10:57:59,out,,out,,,,OUT,,,miss,,,,,,,,,
12/15/22 11:00:08,in,,in,hit,IN,,,,,hit,,,,,,,,,
12/15/22 11:01:21,in,,in,,IN,,,,,miss,,,,,,,,,
12/15/22 11:13:50,out,,out,hit,,,OUT,,,hit,,,,,,,,,
12/15/22 11:15:39,in,,in,,IN,,,,,miss,,,,,,,,,
12/15/22 11:17:55,out,,out,hit,,,OUT,,,hit,,,,,,,,,
12/15/22 11:24:26,out,,pbout,hit,,,,nope,,hit,,,,,,,,,
12/15/22 12:05:35,in,,in,hit,IN,,,,,hit,,,,,,,,,
12/15/22 12:06:09,out,,out,,,,OUT,,,miss,,,,,,,,,
12/15/22 12:06:41,out,,out,,,,OUT,,,miss,,,,,,,,,
12/15/22 12:11:55,in,,in,hit,IN,,,,,hit,,,,,,,,,
12/15/22 12:31:40,in,,in,hit,IN,,,,,hit,,,,,,,,,
12/15/22 12:32:53,out,,pbout,,,,,nope,,miss,,,,,,,,,
12/15/22 13:05:13,pbout/linger/in,person begins to walk in - stands under the sensor to look at it  then continues to walk in - about 6 seconds,in,hit,,,,,,hit,,,,,,,,,
12/15/22 13:12:44,out,,out,hit,,,OUT,,,hit,,,,,,,,,
12/15/22 13:17:57,in,janitor walks in slowly with cart -  about 4 seconds,in,hit,IN,,,,,hit,,,,,,,,,
12/15/22 13:23:00,in,,in,hit,IN,,,,,hit,,,,,,,,,
12/15/22 13:29:39,out,,pbout,hit,,,,nope,,hit,,,,,,,,,
12/15/22 13:38:04,in,,in,hit,IN,,,,,hit,,,,,,,,,
12/15/22 13:38:20,out,,pbout,,,,,nope,,miss,,,,,,,,,
12/15/22 13:39:01,out,janitor walks out slowly with cart and long light bulbs - about 5 seconds,out/pbout,,,,,nope,,miss,,,,,,,,,
12/15/22 13:54:09,in,Arwa,in,hit,IN,,,,,hit,,,,,,,,,
12/15/22 14:11:06,in,,in,hit,IN,,,,,hit,,,,,,,,,
12/15/22 14:13:48,out,,out,hit,,,OUT,,,hit,,,,,,,,,
12/15/22 14:13:59,in,,in,,IN,,,,,miss,,,,,,,,,
12/15/22 14:15:05,out,,out,,,,OUT,,,miss,,,,,,,,,
12/15/22 14:20:14,out,,pbout,,,,,nope,,miss,,,,,,,,,
12/15/22 14:23:06,out,,out,hit,,,OUT,,,hit,,,,,,,,,
12/15/22 14:25:38,out,,out,hit,,,OUT,,,hit,,,,,,,,,
12/15/22 14:29:35,in,,in,hit,IN,,,,,hit,,,,,,,,,
12/15/22 14:41:10,in,,in,hit,IN,,,,,hit,,,,,,,,,
12/15/22 14:43:58,out,,out,hit,,,OUT,,,hit,,,,,,,,,
12/15/22 14:56:48,pbin/out,person (again) steps into camera almost crosses doorway but arm is the only thing that crosses to throw something away and switches back to exit on the pbin side without crossing the doorway,pbout,hit,,,,,,hit,,,,,,,,,
12/15/22 14:57:09,out,,out,,,,OUT,,,miss,,,,,,,,,
12/15/22 14:59:02,in,,in,hit,IN,,,,,hit,,,,,,,,,
12/15/22 15:28:28,out,two people push a metal cart through the doorway together at the same time,out,hit,,,OUT,,,hit,,,,,,,,,
12/15/22 15:36:39,in,guy pushes reflective cart back in,in,hit,IN,,,,,hit,,,,,,,,,
12/15/22 15:43:24,pbin,person (again) steps into camera close enough to throw something away and switches back to exit on the pbin side without crossing the doorway,out/in,hit,,,,,,hit,,,,,,,,,
12/15/22 15:52:47,out,,pbout,hit,,,,nope,,hit,,,,,,,,,
12/15/22 15:54:50,in,,in,hit,IN,,,,,hit,,,,,,,,,
12/15/22 15:55:22,out,,out,,,,OUT,,,miss,,,,,,,,,
12/15/22 15:55:52,in,,in,,IN,,,,,miss,,,,,,,,,
12/15/22 16:02:53,out,,out,hit,,,OUT,,,hit,,,,,,,,,
12/15/22 16:37:04,in,Arwa,in,hit,IN,,,,,hit,,,,,,,,,
12/15/22 16:46:39,out,Arwa,out,hit,,,OUT,,,hit,,,,,,,,,
12/15/22 16:48:48,in,Arwa,in,hit,IN,,,,,hit,,,,,,,,,
12/15/22 16:51:51,out,Arwa leaving,out,hit,,,OUT,,,hit,,,,,,,,,
12/15/22 18:31:43,in,,in,hit,IN,,,,,hit,,,,,,,,,
12/15/22 18:53:40,out,,out,hit,,,OUT,,,hit,,,,,,,,,
12/15/22 19:11:04,in,,in,hit,IN,,,,,hit,,,,,,,,,
12/15/22 21:39:24,in,,in,hit,IN,,,,,hit,,,,,,,,,
12/15/22 21:39:32,out,,out,,,,OUT,,,miss,,,,,,,,,
12/16/22 8:05:11,in,,in,hit,IN,,,,,hit,,,,,,,,,
12/16/22 8:07:29,out,,pbout,hit,,,,nope,,hit,,,,,,,,,
12/16/22 8:17:12,in,,in,hit,IN,,,,,hit,,,,,,,,,
12/16/22 8:32:59,out,,out,hit,,,OUT,,,hit,,,,,,,,,
12/16/22 8:35:53,in,,in,hit,IN,,,,,hit,,,,,,,,,
12/16/22 8:36:07,in,,in,,IN,,,,,miss,,,,,,,,,
12/16/22 8:36:21,out,,out,,,,OUT,,,miss,,,,,,,,,
12/16/22 8:37:12,out,,out,,,,OUT,,,miss,,,,,,,,,
12/16/22 8:41:08,in,,in,hit,IN,,,,,hit,,,,,,,,,
12/16/22 9:17:53,in,,pbin,hit,,nope,,,,hit,,,,,,,,,
12/16/22 9:21:28,out,,out,hit,,,OUT,,,hit,,,,,,,,,
12/16/22 9:41:31,in,,in,hit,IN,,,,,hit,,,,,,,,,
12/16/22 9:42:10,out,,out,,,,OUT,,,miss,,,,,,,,,
12/16/22 9:48:10,out,,out,hit,,,OUT,,,hit,,,,,,,,,
12/16/22 9:52:07,in,,in,hit,IN,,,,,hit,,,,,,,,,
12/16/22 9:54:06,in,,in,hit,IN,,,,,hit,,,,,,,,,
12/16/22 9:55:05,out,,out,,,,OUT,,,miss,,,,,,,,,
12/16/22 10:16:32,in,,in,hit,IN,,,,,hit,,,,,,,,,
12/16/22 10:35:06,in,,in,hit,IN,,,,,hit,,,,,,,,,
12/16/22 10:35:33,out,,pbout,,,,,nope,,miss,,,,,,,,,
12/16/22 11:01:26,out,,out,hit,,,OUT,,,hit,,,,,,,,,
12/16/22 11:04:41,in,,in,hit,IN,,,,,hit,,,,,,,,,
12/16/22 11:05:42,in,Simeon,in,,IN,,,,,miss,,,,,,,,,
12/16/22 11:10:48,out,,out,hit,,,OUT,,,hit,,,,,,,,,
12/16/22 11:16:23,in,,in,hit,IN,,,,,hit,,,,,,,,,
12/16/22 11:18:49,out,,out,hit,,,OUT,,,hit,,,,,,,,,
12/16/22 11:23:45,in/linger/in,"janitor walks in, stands under the sensor and sweeps, then continues in, about 7 seconds",in/pbout,hit,,,,,,hit,,,,,,,,,
12/16/22 11:26:26,out/linger/out,"janitor walks out, stands under the sensor and sweeps, then continues out, about 7 seconds",pbout,hit,,,,,,hit,,,,,,,,,
12/16/22 12:01:12,out,,out,hit,,,OUT,,,hit,,,,,,,,,
12/16/22 12:03:20,in,"lady walking in, pauses to check the trash then continues in, about 4 seconds",in,hit,IN,,,,,hit,,,,,,,,,
12/16/22 12:18:47,in,,in,hit,IN,,,,,hit,,,,,,,,,
12/16/22 12:20:07,out,,out,,,,OUT,,,miss,,,,,,,,,
12/16/22 12:20:50,out,,out,hit,,,OUT,,,hit,,,,,,,,,
12/16/22 12:21:41,in,,in,,IN,,,,,miss,,,,,,,,,
12/16/22 12:27:53,out,Simeon,out,hit,,,OUT,,,hit,,,,,,,,,
12/16/22 12:28:57,in,Simeon,in,,IN,,,,,miss,,,,,,,,,
12/16/22 12:31:17,in,,in,hit,IN,,,,,hit,,,,,,,,,
12/16/22 13:25:36,pbout/linger,"janitor lingers to change out recycling and trash bags, about 2 minutes and 30 seconds",,hit,,,,,,hit,,,,,,,,,
12/16/22 13:37:53,in,,in,hit,IN,,,,,hit,,,,,,,,,
12/16/22 13:38:08,out,,out,,,,OUT,,,miss,,,,,,,,,
12/16/22 13:46:01,in,,in,hit,IN,,,,,hit,,,,,,,,,
12/16/22 13:46:39,out,"janitor walks out with broom, otherwise normal",out,,,,OUT,,,miss,,,,,,,,,
12/16/22 13:59:10,in/linger/in,"janitor walks in with broom, lingers to sweep under the sensor, then continues in, about 8 seconds",in/in,hit,,,,,,hit,,,,,,,,,
12/16/22 14:08:49,pbin/out,"sensor might catch a pbin, but all you see in the camera is the scuffmark scraper, then the janitor continues to walk out normally, about 7 seconds for both of these things, but it might only catch the out",pbout,hit,,,,,,hit,,,,,,,,,
12/16/22 14:09:50,in,,in,,IN,,,,,miss,,,,,,,,,
12/16/22 14:23:53,out,"janitor walks out with broom, otherwise normal",pbout,hit,,,,nope,,hit,,,,,,,,,
12/16/22 14:24:14,out/linger/out,"man goes out, pauses at the trash can, then continues out, about 5 seconds",pbout/out/pbout,,,,,,,miss,,,,,,,,,
12/16/22 14:25:50,in,,in,hit,IN,,,,,hit,,,,,,,,,
12/16/22 14:35:18,out,,in,hit,,,,nope,,hit,,,,,,,,,
12/16/22 14:36:40,in,,in,,IN,,,,,miss,,,,,,,,,
12/16/22 14:38:28,in,"two people walk in in quick succession of each other, about a second apart, lasts 4 seconds",in,hit,IN,,,,,hit,,,,,,,,,
12/16/22 14:38:57,out,"two people walk out in quick succession of each other, about a second apart, lasts 4 seconds",out,,,,OUT,,,miss,,,,,,,,,
12/16/22 14:52:39,out/linger/in,"man goes out, pauses at the trash can, then switches back to in, about 8 seconds",out/in,hit,,,,,,hit,,,,,,,,,
12/16/22 14:55:36,in,,in,hit,IN,,,,,hit,,,,,,,,,
12/16/22 15:15:49,out,Simeon,out,hit,,,OUT,,,hit,,,,,,,,,
12/16/22 15:17:19,in,Dr. Dean,in,,IN,,,,,miss,,,,,,,,,
12/16/22 15:33:06,out,,out,hit,,,OUT,,,hit,,,,,,,,,
12/16/22 15:34:57,in,,in,,IN,,,,,miss,,,,,,,,,
12/16/22 15:37:24,in,"man begins walking in, kickes his leg as he pauses slightly, then continues in, about 5 seconds",in,hit,IN,,,,,hit,,,,,,,,,
12/16/22 15:37:40,out,,out,,,,OUT,,,miss,,,,,,,,,
12/16/22 15:38:45,out,"two people walk out in quick succession of each other, about a second apart, lasts 4 seconds",out,,,,OUT,,,miss,,,,,,,,,
12/16/22 15:49:15,in,,in,hit,IN,,,,,hit,,,,,,,,,
12/16/22 15:49:27,out,,pbout,,,,,nope,,miss,,,,,,,,,
12/16/22 17:33:08,out,,out,hit,,,OUT,,,hit,,,,,,,,,
12/16/22 17:35:58,in,,in,hit,IN,,,,,hit,,,,,,,,,
12/16/22 18:45:03,out/in,"person looks to be going out, goes under sensor to throw away trash, then goes back in, about 4 seconds",in,hit,,,,,,hit,,,,,,,,,
12/16/22 18:46:05,out,,out,,,,OUT,,,miss,,,,,,,,,
12/16/22 22:09:10,out,,out,hit,,,OUT,,,hit,,,,,,,,,
12/16/22 22:21:07,pbout/out,"person looks to be going out, gets under the sensor then switchesback and exits",pbout,hit,,,,,,hit,,,,,,,,,
12/18/22 14:22:42,pbout,"pbout on the far side, video only catches a shoe of person by recycling can, but a shadow is cast",,hit,,,,,,hit,,,,,,,,,
12/18/22 14:22:45,pbout/no_event,"same as the prior on, but then the subject leaves off camera",,,,,,,,miss,,,,,,,,,
12/18/22 14:26:16,pbout,"pbout on the far side, video only catches a shoe of person by recycling can, but a shadow is cast",,hit,,,,,,hit,,,,,,,,,
12/18/22 14:26:19,linger,"same person as last event lingering by the recycling cans, about 2 seconds",,,,,,,,miss,,,,,,,,,
12/18/22 14:26:21,linger,"same person as last event lingering by the recycling cans, about 2 seconds",,,,,,,,miss,,,,,,,,,
12/18/22 14:26:30,pbout/no_event,"same as the prior on, but then the subject leaves off camera",,,,,,,,miss,,,,,,,,,
12/19/22 7:01:30,in,,in,hit,IN,,,,,hit,,,,,,,,,
12/19/22 7:03:17,out,,out,,,,OUT,,,miss,,,,,,,,,
12/19/22 7:05:05,in,,in,hit,IN,,,,,hit,,,,,,,,,
12/19/22 7:54:22,in,,in,hit,IN,,,,,hit,,,,,,,,,
12/19/22 8:48:38,in,"janitor walking slowly carrying a broom, otherwise normal",in,hit,IN,,,,,hit,,,,,,,,,
12/19/22 8:49:53,out,,out,,,,OUT,,,miss,,,,,,,,,
12/19/22 9:00:54,in,,in,hit,IN,,,,,hit,,,,,,,,,
12/19/22 9:04:31,out,,out,hit,,,OUT,,,hit,,,,,,,,,
12/19/22 9:04:59,out,,pbin,,,,,nope,,miss,,,,,,,,,
12/19/22 9:05:49,in,,in,,IN,,,,,miss,,,,,,,,,
12/19/22 9:13:35,out,,out,hit,,,OUT,,,hit,,,,,,,,,
12/19/22 9:15:51,in,,in,hit,IN,,,,,hit,,,,,,,,,
12/19/22 9:22:49,in,,in,hit,IN,,,,,hit,,,,,,,,,
12/19/22 9:28:47,out,"two people go out the door in relatively quick succession, a couple of seconds between each other, but both do it in about 5 seconds",out,hit,,,OUT,,,hit,,,,,,,,,
12/19/22 9:48:06,in,,in,hit,IN,,,,,hit,,,,,,,,,
12/19/22 9:49:17,out,two people go out the door together at the same time,out,,,,OUT,,,miss,,,,,,,,,
12/19/22 9:51:34,in,,in,hit,IN,,,,,hit,,,,,,,,,
12/19/22 9:54:23,in,,in,hit,IN,,,,,hit,,,,,,,,,
12/19/22 9:56:38,in/linger/in,"man starts to come in, pauses at the trash can, then continues in, about 4 seconds",in,hit,,,,,,hit,,,,,,,,,
12/19/22 9:59:39,out,,out,hit,,,OUT,,,hit,,,,,,,,,
12/19/22 10:05:29,out,"student on phone, going out slowly, within event window",out,hit,,,OUT,,,hit,,,,,,,,,
12/19/22 10:10:10,out,Jacob,out,hit,,,OUT,,,hit,,,,,,,,,
12/19/22 10:10:58,in,Jacob,in,,IN,,,,,miss,,,,,,,,,
12/19/22 10:11:52,out,Jacob,out,,,,OUT,,,miss,,,,,,,,,
12/19/22 10:12:40,in,Jacob,in,hit,IN,,,,,hit,,,,,,,,,
12/19/22 10:13:36,out,Jacob,out,,,,OUT,,,miss,,,,,,,,,
12/19/22 10:19:25,in,Jacob,in,hit,IN,,,,,hit,,,,,,,,,
12/19/22 10:22:08,in,,in,hit,IN,,,,,hit,,,,,,,,,
12/19/22 10:22:49,out,,out,,,,OUT,,,miss,,,,,,,,,
12/19/22 10:24:19,pbout,"near pbout, janitor steps in to check level of trash then exits back on the out side, about 4 seconds",in,hit,,,,,,hit,,,,,,,,,
12/19/22 10:29:51,pbout/no_event,slight shadow of someone casting a shadow off screen when they throw something away in the recycling (might not be caught by the sensor),pbout,hit,,,,,,hit,,,,,,,,,
12/19/22 10:37:35,in,"two people come in in quick succession, one right after the other, both going in",in,hit,IN,,,,,hit,,,,,,,,,
12/19/22 11:36:48,in,"janitor walking slowly carrying a broom, otherwise normal",in,hit,IN,,,,,hit,,,,,,,,,
12/19/22 11:38:49,out,"janitor walking slowly carrying a broom, otherwise normal",pbout,hit,,,,nope,,hit,,,,,,,,,
12/19/22 11:45:17,in/linger/pbin,"janitor walking in, lingering under doowway to clean scuff marks off the floor, then continues in, about 16 seconds",in/in,hit,,,,,,hit,,,,,,,,,
12/19/22 11:45:35,pbin,likely janitor foot still cleaning from out of camera view,,,,,,,,miss,,,,,,,,,
12/19/22 11:45:37,pbin/no_event,likely janitor foot still cleaning from out of camera view then leaving,,,,,,,,miss,,,,,,,,,
12/19/22 11:46:15,out,,pbout,,,,,nope,,miss,,,,,,,,,
12/19/22 12:11:11,out,,out,hit,,,OUT,,,hit,,,,,,,,,
12/19/22 12:13:55,in,,in,hit,IN,,,,,hit,,,,,,,,,
12/19/22 12:15:26,no_event/pbout,shadow from the start of the next event caught on very edge of video,,,,,,,,miss,,,,,,,,,
12/19/22 12:15:30,in,,,,,nope,,,,miss,,,,,,,,,
12/19/22 12:17:24,out,,,hit,,,,nope,,hit,,,,,,,,,
12/19/22 12:18:58,out/linger/out,"man goes out, pauses by the trash can, then continues out, about 6 seconds",,,,,,,,miss,,,,,,,,,
12/19/22 12:20:50,in,,,hit,,nope,,,,hit,,,,,,,,,
12/19/22 12:25:20,out,Jacob,,hit,,,,nope,,hit,,,,,,,,,
12/19/22 12:45:37,in,,,hit,,nope,,,,hit,,,,,,,,,
12/19/22 12:51:57,out,,,hit,,,,nope,,hit,,,,,,,,,
12/19/22 13:48:27,out,,,hit,,,,nope,,hit,,,,,,,,,
12/19/22 13:48:37,in,quickly,,,,nope,,,,miss,,,,,,,,,
12/19/22 13:48:55,out,,,,,,,nope,,miss,,,,,,,,,
12/19/22 13:57:49,in,"lady comes in with boxes, otherwise normal",,hit,,nope,,,,hit,,,,,,,,,
12/19/22 13:58:17,out,,,,,,,nope,,miss,,,,,,,,,
12/19/22 14:01:58,in,,,hit,,nope,,,,hit,,,,,,,,,
12/19/22 15:13:09,in,"two people come in in quick succession, one right after the other, both going in",,hit,,nope,,,,hit,,,,,,,,,
12/19/22 15:15:56,out,two people go out the door together at the same time,,hit,,,,nope,,hit,,,,,,,,,
12/19/22 15:33:59,in,,,hit,,nope,,,,hit,,,,,,,,,
12/19/22 15:54:48,out,"slowly carrying a big box, but otherwise normal",,hit,,,,nope,,hit,,,,,,,,,
12/19/22 16:09:52,out,,,hit,,,,nope,,hit,,,,,,,,,
12/19/22 16:12:28,in,,,hit,,nope,,,,hit,,,,,,,,,
12/20/22 7:17:06,no_event,slight shadow on the pbout side breifly ,,,,,,,,miss,,,,,,,,,
12/20/22 7:58:30,out/linger/in,"lady goes out to dump something in the trash then comes back in, about 6 seconds",,hit,,,,,,hit,,,,,,,,,
12/20/22 8:57:29,in,,,hit,,nope,,,,hit,,,,,,,,,
12/20/22 9:03:26,out,,,hit,,,,nope,,hit,,,,,,,,,
12/20/22 9:35:49,out,,,hit,,,,nope,,hit,,,,,,,,,
12/20/22 9:40:24,in,,,hit,,nope,,,,hit,,,,,,,,,
12/20/22 9:42:39,in/linger/in,guy almost switches back but then continues in,,hit,,,,,,hit,,,,,,,,,
12/20/22 9:44:25,out,,,,,,,nope,,miss,,,,,,,,,
12/20/22 11:05:25,in,,,hit,,nope,,,,hit,,,,,,,,,
12/20/22 11:07:56,out,two people go through the doorway together at the same time,,hit,,,,nope,,hit,,,,,,,,,
12/20/22 11:15:30,in,,,hit,,nope,,,,hit,,,,,,,,,
12/20/22 11:23:59,out,,,hit,,,,nope,,hit,,,,,,,,,
12/20/22 11:46:44,in,,,hit,,nope,,,,hit,,,,,,,,,
12/20/22 11:50:13,out,,,hit,,,,nope,,hit,,,,,,,,,
12/20/22 12:01:30,in,two people go through the doorway together at the same time,,hit,,nope,,,,hit,,,,,,,,,
12/20/22 12:04:29,out,"two people exit in quick succession, both going out, about 3 seconds",,hit,,,,nope,,hit,,,,,,,,,
12/20/22 12:13:12,out,,,hit,,,,nope,,hit,,,,,,,,,
12/20/22 12:16:21,in,"going in carrying a box, otherwise normal",,hit,,nope,,,,hit,,,,,,,,,
12/20/22 12:18:03,out/linger/out,"lady goes through the doorway to throw away the box then lingers on the pbout side the finally continues out, about 14 seconds",,,,,,,,miss,,,,,,,,,
12/20/22 12:21:08,in,,,hit,,nope,,,,hit,,,,,,,,,
12/20/22 13:20:18,in,,,hit,,nope,,,,hit,,,,,,,,,
12/20/22 13:24:01,out,,,hit,,,,nope,,hit,,,,,,,,,
12/20/22 13:29:16,in,"janitor walking slow carrying a broom, otheriwse normal",,hit,,nope,,,,hit,,,,,,,,,
12/20/22 13:30:15,out,"janitor walking slow carrying a broom, otheriwse normal",,,,,,nope,,miss,,,,,,,,,
12/20/22 14:25:52,out/linger/out,"lady goes out, lingers a good bit to throw out her trash, then continues out, about 21 seconds",,hit,,,,,,hit,,,,,,,,,
12/20/22 14:27:11,in,"janitor walking slow carrying a broom, otheriwse normal",,,,nope,,,,miss,,,,,,,,,
12/20/22 14:29:00,out,"janitor walking slow carrying a broom, otheriwse normal",,hit,,,,nope,,hit,,,,,,,,,
12/20/22 14:29:54,pbout,"woman comes towards in but stops to throw out trash, about 5 seconds",,,,,,,,miss,,,,,,,,,
12/20/22 14:30:00,pbout/linger,"woman standing at the trash, couple of seconds",,,,,,,,miss,,,,,,,,,
12/20/22 14:30:03,pbout/linger,"woman standing at the trash, couple of seconds",,,,,,,,miss,,,,,,,,,
12/20/22 14:30:04,pbout/linger/in,"woman stands at the trash some more then continues to walk in, about 16 seconds",,,,,,,,miss,,,,,,,,,
12/20/22 14:45:30,out/in,"Woman goes out to throw away trash, then switches back to in",,hit,,,,,,hit,,,,,,,,,
12/20/22 15:11:52,out,,,hit,,,,nope,,hit,,,,,,,,,
12/20/22 15:15:33,in,"woman starts to come in, stops to throw trash away then conitues in, about 5 seconds",,hit,,nope,,,,hit,,,,,,,,,
12/21/22 8:04:46,in,,,hit,,nope,,,,hit,,,,,,,,,
12/21/22 8:06:34,out,,,,,,,nope,,miss,,,,,,,,,
12/21/22 10:16:16,in,janitor with cart about 5 seconds,,hit,,nope,,,,hit,,,,,,,,,
12/21/22 10:17:21,pbin/linger,janitor with cart stops just inside of the doorway,,,,,,,,miss,,,,,,,,,
12/21/22 10:17:33,pbin/linger,"janitor with cart stops just inside of the doorway, mops a bit",,,,,,,,miss,,,,,,,,,
12/21/22 10:17:55,out,"janitor completes moving the cart to the out side of the door (this is a maybe if it was picked up correctly for sure, about 6 seconds)",,,,,,nope,,miss,,,,,,,,,
12/21/22 10:18:32,pbout/linger,"janitor comes to the doorway and mops, then exits out again (about 11 seconds)",,,,,,,,miss,,,,,,,,,
12/21/22 10:18:45,pbout,"very far pbout, just see the janitors mop head",,,,,,,,miss,,,,,,,,,
12/21/22 10:24:53,in,,,hit,,nope,,,,hit,,,,,,,,,
12/21/22 10:28:33,out,,,hit,,,,nope,,hit,,,,,,,,,
12/26/22 11:44:18,in,janitor comeing in with a cart <5 seconds,,hit,,nope,,,,hit,,,,,,,,,
12/26/22 11:45:05,out,,,,,,,nope,,miss,,,,,,,,,
12/26/22 11:50:31,in,,,hit,,nope,,,,hit,,,,,,,,,
12/26/22 11:51:48,out,,,,,,,nope,,miss,,,,,,,,,
12/26/22 11:57:43,out,two people (simeon and someone else) walk through the doorway together at the same time 5 seconds,,hit,,,,nope,,hit,,,,,,,,,
12/26/22 12:04:26,in,,,hit,,nope,,,,hit,,,,,,,,,
12/26/22 12:05:55,in,,,hit,,nope,,,,hit,,,,,,,,,
12/26/22 12:14:12,no_event/pbin,bit of a shoe appears in the scene,,hit,,,,,,hit,,,,,,,,,
12/26/22 12:14:13,out,"a very slow out, person is chatting on the phone about 6 seconds) is the person with the shoe from last event",,,,,,nope,,miss,,,,,,,,,
12/26/22 12:40:53,in,"janitor with ladder, otherwise normal",,hit,,nope,,,,hit,,,,,,,,,
12/26/22 12:42:44,out,,,,,,,nope,,miss,,,,,,,,,
12/26/22 12:48:01,in,,,hit,,nope,,,,hit,,,,,,,,,
12/26/22 12:54:18,in,,,hit,,nope,,,,hit,,,,,,,,,
12/26/22 13:03:41,out,,,hit,,,,nope,,hit,,,,,,,,,
12/26/22 13:14:14,out,very slowly under the doorway about 6 seconds,,hit,,,,nope,,hit,,,,,,,,,
12/26/22 13:18:04,in,,,hit,,nope,,,,hit,,,,,,,,,
12/26/22 13:20:24,in,"janitor with a pvc pipe, otherwise normal",,hit,,nope,,,,hit,,,,,,,,,
12/26/22 16:25:31,out,"janitor with cart, about 5 seconds",,hit,,,,nope,,hit,,,,,,,,,
12/26/22 16:30:32,in,,,hit,,nope,,,,hit,,,,,,,,,
12/26/22 16:31:52,out,"janitor with pvc and ladder, otherwise normal",,,,,,nope,,miss,,,,,,,,,
12/27/22 7:30:29,pbout,foot in camera to toss something in the recycling,,hit,,,,,,hit,,,,,,,,,
12/27/22 7:30:32,pbout,"same pbout as before, a shadow is definitely cast towards the camera",,,,,,,,miss,,,,,,,,,
12/27/22 9:14:53,in,Arwa,,hit,,nope,,,,hit,,,,,,,,,
12/27/22 9:40:12,out,Arwa,,hit,,,,nope,,hit,,,,,,,,,
12/29/22 5:47:25,in,janitor sweeping (might pick up normal?),,hit,,nope,,,,hit,,,,,,,,,
12/29/22 5:48:19,out,janitor sweeping and then deciding to clear out the trashcan about 25 seconds (might pick up the out and then a couple of pbs but a maybe),,,,,,nope,,miss,,,,,,,,,
12/30/22 9:58:22,out,Jacob,,hit,,,,nope,,hit,,,,,,,,,
12/30/22 9:59:09,in,Jacob,,,,nope,,,,miss,,,,,,,,,
12/30/22 9:59:56,out,Jacob,,hit,,,,nope,,hit,,,,,,,,,
12/30/22 10:00:37,in,Jacob,,,,nope,,,,miss,,,,,,,,,