Doorway,Reviewer,Date,Event Time,Ins,Outs,Passby_near,Passby_far,Linger,Multi(IN),Multi(OUT),Multi(Passby),Comments
W0,Kacie,13-Mar,9:55:44 PM,,,1,,,,,,
W0,Kacie,13-Mar,10:16:13 PM,,,1,,,,,,
W0,Kacie,13-Mar,10:50:44 PM,,,1,,,,,,
W0,Kacie,13-Mar,10:52:22 PM,,1,,,,,,,
W0,Kacie,13-Mar,10:56:08 PM,1,,,,,,,,
W0,Kacie,13-Mar,11:10:54 PM,,,,,,,,,something was being messed with on the table in the corner
W0,Kacie,13-Mar,11:43:51 PM,,,,,,,,,waldo was put on the door
W0,Kacie,13-Mar,11:46:17 PM,,1,,,,,,,
W0,Kacie,13-Mar,11:47:30 PM,,,,,,,,,nicole was messing with waldo
W0,Kacie,13-Mar,11:49:43 PM,,1,,,,,,,
W0,Kacie,13-Mar,11:50:40 PM,1,,,,,,,,
W0,Kacie,13-Mar,11:51:32 PM,,,,,1,,,,nicole was cleaning waldo
W0,Kacie,13-Mar,11:51:44 PM,,1,,,,,,,
W0,Kacie,13-Mar,11:52:58 PM,1,,,,,,,,
W0,Kacie,13-Mar,11:53:31 PM,,,1,,,,,,
W0,Kacie,13-Mar,11:53:56 PM,,1,,,,,,,
W0,Kacie,13-Mar,11:54:07 PM,1,,,,,,,,
W0,Kacie,13-Mar,11:54:22 PM,,1,,,,,,,
W0,Kacie,13-Mar,11:54:38 PM,1,,,,,,,,
W0,Kacie,13-Mar,11:55:27 PM,,,,1,,,,,
W0,Kacie,13-Mar,11:55:32 PM,,,,1,,,,,
W0,Kacie,13-Mar,11:55:56 PM,,,,,1,,,,nicole was messing with camera
W0,Kacie,13-Mar,11:56:17 PM,,,,,1,,,,nicole finished messing with camera
W0,Kacie,13-Mar,11:56:20 PM,,,,,1,,,,
W0,Kacie,13-Mar,11:56:29 PM,,1,,,,,,,
W0,Kacie,14-Mar,12:20:47 AM,1,,,,,,,,
W0,Kacie,14-Mar,12:21:05 AM,,,,1,,,,,
W0,Kacie,14-Mar,12:21:17 AM,,,,1,,,,,
W0,Kacie,14-Mar,12:21:25 AM,,,,1,,,,,
W0,Kacie,14-Mar,12:21:28 AM,,1,,,,,,,
W0,Kacie,14-Mar,12:44:30 AM,1,,,,,,,,
W0,Kacie,14-Mar,12:49:28 AM,,1,,,,,,,
W0,Kacie,14-Mar,12:56:33 AM,1,,,,,,,,
W0,Kacie,14-Mar,12:56:52 AM,,,,1,,,,,
W0,Kacie,14-Mar,1:09:58 AM,,1,,,,,,,
W0,Kacie,14-Mar,1:16:23 AM,1,,,,,,,,
W0,Kacie,14-Mar,1:17:10 AM,,1,,,,,,,
W0,Kacie,14-Mar,1:34:18 AM,1,,,,,,,,
W0,Kacie,14-Mar,1:34:29 AM,,,,,1,,,,
W0,Kacie,14-Mar,1:34:42 AM,,,,,,,,,nicole messing with waldo
W0,Kacie,14-Mar,1:34:44 AM,,1,,,,,,,
W0,Kacie,14-Mar,1:34:49 AM,1,,,,,,,,
W0,Kacie,14-Mar,1:35:03 AM,,,,1,,,,,
W0,Kacie,14-Mar,1:35:13 AM,,1,,,,,,,
W0,Kacie,14-Mar,1:35:46 AM,1,,,,,,,,
W0,Kacie,14-Mar,2:02:38 AM,,1,,,,,,,caught the very end of it
W0,Kacie,14-Mar,2:32:43 AM,1,,,,,,,,
W0,Kacie,14-Mar,2:40:31 AM,1,,,,,,,,
W0,Kacie,14-Mar,2:55:41 AM,,1,,,,,,,
W0,Kacie,14-Mar,2:58:40 AM,1,,,,,,,,
W0,Kacie,14-Mar,2:59:20 AM,,1,,,,,,,
W0,Kacie,14-Mar,3:01:12 AM,1,,,,,,,,
W0,Kacie,14-Mar,3:01:57 AM,,1,,,,,,,
W0,Kacie,14-Mar,3:09:55 AM,,1,,,,,,,
W0,Kacie,14-Mar,3:13:35 AM,1,,,,,,,,
W0,Kacie,14-Mar,3:31:44 AM,,,,,1,,,,nicole working at the table in the corner
W0,Kacie,14-Mar,3:34:00 AM,,,,,1,,,,nicole working on waldo
W0,Kacie,14-Mar,3:34:31 AM,,,,,1,,,,working on waldo
W0,Kacie,14-Mar,3:35:01 AM,,,,1,,,,,
W0,Kacie,14-Mar,3:35:18 AM,,,,1,,,,,
W0,Kacie,14-Mar,3:51:15 AM,,1,,,,,,,
W0,Kacie,14-Mar,3:51:26 AM,1,,,,,,,,
W0,Kacie,14-Mar,3:51:42 AM,,1,,,,,,,
W0,Kacie,14-Mar,3:52:00 AM,1,,,,,,,,
W0,Kacie,14-Mar,3:52:15 AM,,1,,,,,,,
W0,Kacie,14-Mar,3:52:35 AM,1,,,,,,,,
W0,Kacie,14-Mar,3:56:27 AM,,1,,,,,,,
W0,Kacie,14-Mar,3:56:42 AM,1,,,,,,,,
W0,Kacie,14-Mar,3:56:57 AM,,1,,,,,,,
W0,Kacie,14-Mar,3:57:14 AM,1,,,,,,,,
W0,Kacie,14-Mar,3:57:33 AM,,,1,,,,,,
W0,Kacie,14-Mar,3:57:47 AM,,1,,,,,,,
W0,Kacie,14-Mar,3:58:05 AM,1,,,,,,,,
W0,Kacie,14-Mar,3:58:26 AM,,1,,,,,,,
W0,Kacie,14-Mar,3:58:46 AM,1,,,,,,,,
W0,Kacie,14-Mar,3:59:05 AM,,1,,,,,,,
W0,Kacie,14-Mar,3:59:28 AM,1,,,,,,,,
W0,Kacie,14-Mar,3:59:48 AM,,,,,1,,,,nicole working on waldo
W0,Kacie,14-Mar,4:00:00 AM,,,,,,,,,nicole finished working on waldo
W0,Kacie,14-Mar,4:02:46 AM,,1,,,,,,,
W0,Kacie,14-Mar,4:03:01 AM,1,,,,,,,,
W0,Kacie,14-Mar,4:11:53 AM,,,,,1,,,,working at table in corner
W0,Kacie,14-Mar,4:12:21 AM,,,,1,,,,,
W0,Kacie,14-Mar,4:14:05 AM,1,,,,,,,,
W0,Kacie,14-Mar,4:14:22 AM,,,,,1,,,,nicole messing with waldo
W0,Kacie,14-Mar,4:14:44 AM,1,,,,,,,,
W0,Kacie,14-Mar,4:17:05 AM,,1,,,,,,,door shut
W0,Kacie,14-Mar,6:34:22 AM,,,1,,,,,,
W0,Kacie,14-Mar,6:34:56 AM,,,1,,,,,,
W0,Kacie,14-Mar,6:35:17 AM,,,,1,,,,,
W0,Kacie,14-Mar,9:12:32 AM,1,,,,,,,,door opened
W0,Kacie,14-Mar,9:12:51 AM,,1,,,,,,,
W0,Kacie,14-Mar,9:13:51 AM,,,,1,,,,,
W0,Kacie,14-Mar,9:15:38 AM,1,,,,,,,,
W0,Kacie,14-Mar,9:15:55 AM,,,,1,,,,,
W0,Kacie,14-Mar,9:16:47 AM,,,1,,,,,,
W0,Kacie,14-Mar,9:16:57 AM,,,,1,,,,,
W0,Kacie,14-Mar,9:17:15 AM,1,,,,,,,,
W0,Kacie,14-Mar,9:17:30 AM,,,,1,,,,,
W0,Kacie,14-Mar,9:17:52 AM,,,1,,,,,,
W0,Kacie,14-Mar,9:18:12 AM,,,,1,,,,,
W0,Kacie,14-Mar,9:20:48 AM,1,,,,,,,,
W0,Kacie,14-Mar,9:21:26 AM,,,,1,,,,,
W0,Kacie,14-Mar,9:22:15 AM,,1,,,,,,,
W0,Kacie,14-Mar,9:23:03 AM,1,,,,,,,,
W0,Kacie,14-Mar,9:25:03 AM,,1,,,,,,,
W0,Kacie,14-Mar,9:25:12 AM,,,,1,,,,,
W0,Kacie,14-Mar,9:25:29 AM,,,,1,,,,,
W0,Kacie,14-Mar,9:25:56 AM,,,,,,,,1,
W0,Kacie,14-Mar,9:26:13 AM,,,,1,,,,,
W0,Kacie,14-Mar,9:26:48 AM,,,,1,,,,,
W0,Kacie,14-Mar,9:26:57 AM,,,,1,,,,,
W0,Kacie,14-Mar,9:29:05 AM,1,,,,,,,,
W0,Kacie,14-Mar,9:29:11 AM,,1,,,,,,,
W0,Kacie,14-Mar,9:29:46 AM,,,,1,,,,,
W0,Kacie,14-Mar,9:30:44 AM,,1,,,,,,,
W0,Kacie,14-Mar,9:30:56 AM,,,,1,,,,,
W0,Kacie,14-Mar,9:31:00 AM,1,,,,,,,,
W0,Kacie,14-Mar,9:32:27 AM,1,,,,,,,,
W0,Kacie,14-Mar,9:32:38 AM,,1,,,,,,,
W0,Kacie,14-Mar,9:32:51 AM,1,,,,,,,,
W0,Kacie,14-Mar,9:35:23 AM,,,,1,,,,,
W0,Kacie,14-Mar,9:38:02 AM,,1,,,,,,,
W0,Kacie,14-Mar,9:38:12 AM,,,,1,,,,,
W0,Kacie,14-Mar,9:38:25 AM,1,,,,,,,,
W0,Kacie,14-Mar,9:38:41 AM,,1,,,,,,,
W0,Kacie,14-Mar,9:38:52 AM,1,,,,,,,,
W0,Kacie,14-Mar,9:39:04 AM,,1,,,,,,,
W0,Kacie,14-Mar,9:39:16 AM,1,,,,,,,,
W0,Kacie,14-Mar,9:39:29 AM,,1,,,,,,,
W0,Kacie,14-Mar,9:39:41 AM,1,,,,,,,,
W0,Kacie,14-Mar,9:39:50 AM,,,,1,,,,,
W0,Kacie,14-Mar,9:53:09 AM,,1,,,,,,,
W0,Kacie,14-Mar,9:53:19 AM,1,,,,,,,,
W0,Kacie,14-Mar,9:53:31 AM,,1,,,,,,,
W0,Kacie,14-Mar,9:53:44 AM,1,,,,,,,,
W0,Kacie,14-Mar,9:54:05 AM,,1,,,,,,,
W0,Kacie,14-Mar,9:54:18 AM,1,,,,,,,,
W0,Kacie,14-Mar,9:54:30 AM,,1,,,,,,,
W0,Kacie,14-Mar,9:54:42 AM,1,,,,,,,,
W0,Kacie,14-Mar,9:54:54 AM,,1,,,,,,,
W0,Kacie,14-Mar,9:55:07 AM,1,,,,,,,,
W0,Kacie,14-Mar,9:57:58 AM,,,,1,,,,,
W0,Kacie,14-Mar,10:00:38 AM,,,,1,,,,,
W0,Kacie,14-Mar,10:04:54 AM,,,,,1,,,,
W0,Kacie,14-Mar,10:05:05 AM,,,,1,,,,,
W0,Kacie,14-Mar,10:05:35 AM,,,,,,1,,,
W0,Kacie,14-Mar,10:06:11 AM,1,,,,,,,,
W0,Kacie,14-Mar,10:08:23 AM,,1,,,,,,,
W0,Kacie,14-Mar,10:08:36 AM,1,,,,,,,,
W0,Kacie,14-Mar,10:08:43 AM,,,,,,,,1,
W0,Kacie,14-Mar,10:09:09 AM,1,,,,,,,,
W0,Kacie,14-Mar,10:09:15 AM,,,,,,,1,,
W0,Kacie,14-Mar,10:09:23 AM,,1,,,,,,,
W0,Kacie,14-Mar,10:09:32 AM,,,,1,,,,,
W0,Kacie,14-Mar,10:09:51 AM,1,,,,,,,,
W0,Kacie,14-Mar,10:10:35 AM,1,,,,,,,,
W0,Kacie,14-Mar,10:10:37 AM,,,,,1,,,,
W0,Kacie,14-Mar,10:11:12 AM,,1,,,,,,,
W0,Kacie,14-Mar,10:11:49 AM,,,,,1 (90 seconds),,,,
W0,Kacie,14-Mar,10:13:23 AM,,1,,,,,,,
W0,Kacie,14-Mar,10:13:30 AM,,,,,1 (60 seconds),,,,
W0,Kacie,14-Mar,10:14:42 AM,,1,,,,,,,
W0,Kacie,14-Mar,10:15:02 AM,1,,,,,,,,
W0,Kacie,14-Mar,10:15:15 AM,,,1,,,,,,
W0,Kacie,14-Mar,10:15:57 AM,1,,,,,,,,
W0,Kacie,14-Mar,10:16:02 AM,1,,,,,,,,
W0,Kacie,14-Mar,10:16:07 AM,1,,,,,,,,
W0,Kacie,14-Mar,10:17:07 AM,,,,1,,,,,
W0,Kacie,14-Mar,10:17:12 AM,1,,,,,,,,
W0,Kacie,14-Mar,10:18:13 AM,,,,1,,,,,
W0,Kacie,14-Mar,10:19:09 AM,,,,,1 (60 seconds),,,,
W0,Kacie,14-Mar,10:23:15 AM,,,,,,,1,,
W0,Kacie,14-Mar,10:23:22 AM,1,,,,,,,,
W0,Kacie,14-Mar,10:23:26 AM,,1,,,,,,,
W0,Kacie,14-Mar,10:23:21 AM,,1,,,,,,,
W0,Kacie,14-Mar,10:23:56 AM,1,,,,,,,,
W0,Kacie,14-Mar,10:24:10 AM,,1,,,,,,,
W0,Kacie,14-Mar,10:24:25 AM,1,,,,,,,,
W0,Kacie,14-Mar,10:25:08 AM,,1,,,,,,,
W0,Kacie,14-Mar,10:25:38 AM,,,,,1 (30 seconds),,,,someone working at table in the corner
W0,Kacie,14-Mar,10:26:16 AM,1,,,,,,,,
W0,Kacie,14-Mar,10:26:24 AM,,,,1,,,,,
W0,Kacie,14-Mar,10:26:35 AM,,,,1,,,,,
W0,Kacie,14-Mar,10:26:53 AM,,,1,,,,,,
W0,Kacie,14-Mar,10:27:23 AM,,,,1,,,,,
W0,Kacie,14-Mar,10:27:28 AM,,,,1,,,,,
W0,Kacie,14-Mar,10:28:15 AM,,1,,,,,,,
W0,Kacie,14-Mar,10:28:37 AM,,,,1,,,,,
W0,Kacie,14-Mar,10:30:30 AM,,,,1,,,,,
W0,Kacie,14-Mar,10:30:40 AM,,,,1,,,,,
W0,Kacie,14-Mar,10:30:49 AM,,,,,,,,1,
W0,Kacie,14-Mar,10:30:57 AM,,,,1,,,,,
W0,Kacie,14-Mar,10:31:01 AM,,,,,,,,1,
W0,Kacie,14-Mar,10:31:08 AM,,,,,,,,1,
W0,Kacie,14-Mar,10:31:24 AM,,,,,,,,1,
W0,Kacie,14-Mar,10:31:44 AM,,,,1,,,,,
W0,Kacie,14-Mar,10:31:50 AM,1,,,,,,,,
W0,Kacie,14-Mar,10:31:55 AM,,,,1,,,,,
W0,Kacie,14-Mar,10:32:03 AM,,,,1,,,,,
W0,Kacie,14-Mar,10:32:11 AM,,1,,,,,,,
W0,Kacie,14-Mar,10:34:30 AM,1,,,,,,,,
W0,Kacie,14-Mar,10:34:40 AM,,1,,,,,,,
W0,Kacie,14-Mar,10:35:05 AM,,,,1,,,,,
W0,Kacie,14-Mar,10:43:32 AM,1,,,,,,,,
W0,Kacie,14-Mar,10:43:39 AM,,1,,,,,,,
W0,Kacie,14-Mar,10:43:45 AM,,,,1,,,,,
W0,Kacie,14-Mar,10:48:12 AM,,,,1,,,,,
W0,Kacie,14-Mar,10:49:10 AM,1,,,,,,,,
W0,Kacie,14-Mar,10:49:54 AM,,,,1,,,,,
W0,Kacie,14-Mar,10:50:44 AM,1,,,,,,,,
W0,Kacie,14-Mar,10:50:52 AM,,1,,,,,,,
W0,Kacie,14-Mar,10:51:32 AM,,,,1,,,,,
W0,Kacie,14-Mar,10:51:43 AM,,,,1,,,,,
W0,Kacie,14-Mar,10:51:58 AM,,,,1,,,,,
W0,Kacie,14-Mar,10:53:46 AM,1,,,,,,,,
W0,Kacie,14-Mar,10:53:55 AM,,,,1,,,,,
W0,Kacie,14-Mar,10:54:47 AM,,1,,,,,,,
W0,Kacie,14-Mar,10:55:16 AM,,,1,,,,,,
W0,Kacie,14-Mar,10:58:24 AM,1,,,,,,,,
W0,Kacie,14-Mar,10:58:33 AM,,,,1,,,,,
W0,Kacie,14-Mar,10:58:36 AM,1,,,,,,,,
W0,Kacie,14-Mar,10:59:34 AM,,1,,,,,,,
W0,Kacie,14-Mar,11:00:53 AM,,1,,,,,,,
W0,Kacie,14-Mar,11:01:25 AM,,,,,,1,,,
W0,Kacie,14-Mar,11:01:42 AM,,,,1,,,,,
W0,Kacie,14-Mar,11:01:45 AM,,1,,,,,,,
W0,Kacie,14-Mar,11:02:31 AM,,,1,,,,,,
W0,Kacie,14-Mar,11:03:54 AM,1,,,,,,,,
W0,Kacie,14-Mar,11:04:42 AM,,1,,,,,,,
W0,Kacie,14-Mar,11:04:53 AM,,,1,,,,,,
W0,Kacie,14-Mar,11:05:54 AM,1,,,,,,,,
W0,Kacie,14-Mar,11:06:29 AM,,1,,,,,,,
W0,Kacie,14-Mar,11:07:05 AM,,,,1,,,,,
W0,Kacie,14-Mar,11:07:19 AM,1,,,,,,,,
W0,Kacie,14-Mar,11:12:05 AM,,1,,,,,,,
W0,Kacie,14-Mar,11:15:40 AM,1,,,,,,,,
W0,Kacie,14-Mar,11:16:07 AM,,1,,,,,,,
W0,Kacie,14-Mar,11:16:27 AM,1,,,,,,,,
W0,Kacie,14-Mar,11:18:08 AM,1,,,,,,,,
W0,Kacie,14-Mar,11:23:42 AM,,,1,,,,,,
W0,Kacie,14-Mar,11:26:31 AM,1,,,,,,,,
W0,Kacie,14-Mar,11:31:09 AM,,,,,1 (50 seconds),,,,
W0,Kacie,14-Mar,11:32:05 AM,,1,,,,,,,
W0,Kacie,14-Mar,11:33:18 AM,,,,,1 (10 seconds),,,,
W0,Kacie,14-Mar,11:34:03 AM,,,,1,,,,,
W0,Kacie,14-Mar,11:37:03 AM,,,,,,1,,,
W0,Kacie,14-Mar,11:37:27 AM,,,,1,,,,,
W0,Kacie,14-Mar,11:37:40 AM,,,,,,,,1,
W0,Kacie,14-Mar,11:38:22 AM,,,,1,,,1,,two people walked outand someone passed by at the same time
W0,Kacie,14-Mar,11:38:34 AM,,,,1,,,,,
W0,Kacie,14-Mar,11:46:03 AM,,,,1,,,,,
W0,Kacie,14-Mar,11:58:04 AM,,,,1,,,,,
W0,Kacie,14-Mar,11:58:52 AM,,,,1,,,,,Arwa goes to desk but doesnt completley pass by the camerea
W0,Kacie,14-Mar,11:59:49 AM,,,,1,,,,,
W0,Kacie,14-Mar,12:00:03 PM,,1,,,,,,,
W0,Kacie,14-Mar,12:00:54 PM,,1,,,,,,,
W0,Kacie,14-Mar,12:01:05 PM,,,,,1,,,,nicole working on waldo
W0,Kacie,14-Mar,12:01:11 PM,1,,,,,,,,
W0,Kacie,14-Mar,12:01:20 PM,,,,,,,,1,
W0,Kacie,14-Mar,12:01:26 PM,,,,,,,,1,
W0,Kacie,14-Mar,12:01:57 PM,,,,,,,,1,
W0,Kacie,14-Mar,12:02:05 PM,,1,,,,,,,
W0,Kacie,14-Mar,11:18:09 AM,1,,,,,,,,
W0,Kacie,14-Mar,11:23:49 AM,,,,1,,,,,
W0,Kacie,14-Mar,11:26:31 AM,1,,,,,,,,
W0,Kacie,14-Mar,11:31:11 AM,,,,,1,,,,Nicole standing in the doorway
W0,Kacie,14-Mar,11:32:06 AM,,1,,,,,,,
W0,Kacie,14-Mar,11:33:32 AM,,,1,,1,,,,Arwa standing close lingering nearby WALDO for a long period of time
W0,Kacie,14-Mar,11:43:03 AM,,,,1,,,,,
W0,Kacie,14-Mar,11:37:04 AM,,,,,,1,,,Two people walking in at the same time
W0,Kacie,14-Mar,11:37:27 AM,,,,1,,,,,
W0,Kacie,14-Mar,11:37:42 AM,,,,,,,,1,
W0,Kacie,14-Mar,11:38:27 AM,,,,,,,1,1,Two people walked out while multpile people passed by waldo
W0,Kacie,14-Mar,11:50:55 AM,,,,1,,,,,
W0,Kacie,14-Mar,11:59:52 AM,,,1,,,,,,
W0,Kacie,14-Mar,12:00:09 PM,,1,,,,,,,Dr. Sorber stopped in doorframe as he was walking out
W0,Kacie,14-Mar,12:00:54 PM,,1,,,,,,,
W0,Kacie,14-Mar,12:01:04 PM,1,,,,,,,,Nicole walked in and started to take parts of WALDO down
W0,Kacie,14-Mar,12:01:20 PM,,,,,,,,1,
W0,Kacie,14-Mar,12:01:26 PM,,,,,,,,1,
W0,Kacie,14-Mar,12:01:56 PM,,,1,,,,,,
W0,Kacie,14-Mar,12:02:05 PM,,1,,,,,,,
W0,Kacie,14-Mar,12:04:40 PM,1,,,,,,,,
W0,Kacie,14-Mar,12:04:48 PM,1,,,,,,,,there was a passby at the same time as the in
W0,Kacie,14-Mar,12:04:53 PM,,,,,1,,,,nicole standing at table in the corner
W0,Kacie,14-Mar,12:06:57 PM,1,,,,,,,,
W0,Kacie,14-Mar,12:07:37 PM,,,,1,,,,,
W0,Kacie,14-Mar,12:07:41 PM,,,,1,,,,,
W0,Kacie,14-Mar,12:07:50 PM,,,,1,,,,,
W0,Kacie,14-Mar,12:11:35 PM,,,,,1,,,,nicole standing in the door messing with waldo
W0,Kacie,14-Mar,12:11:50 PM,1,,,,,,,,
W0,Kacie,14-Mar,12:13:33 PM,,,,,1,,,,"nicole working on waldo, there was a passby far during this"
W0,Kacie,14-Mar,12:14:38 PM,1,,,,,,,,
W0,Kacie,14-Mar,12:14:46 PM,,,,1,,,,,
W0,Kacie,14-Mar,12:15:32 PM,,,,1,,,,,
W0,Kacie,14-Mar,12:16:24 PM,,1,,,,,,,
W0,Kacie,14-Mar,12:16:34 PM,,1,,,,,,,
W0,Kacie,14-Mar,12:16:48 PM,1,,,,,,,,
W0,Kacie,14-Mar,12:17:07 PM,,1,,,,,,,
W0,Kacie,14-Mar,12:17:39 PM,1,,,,,,,,
W0,Kacie,14-Mar,12:17:49 PM,,,,1,,,,,foot also in the camera on the in side of door
W0,Kacie,14-Mar,12:17:53 PM,,,1,,,,,,walked in doorway and then turned around 
W0,Kacie,14-Mar,12:20:37 PM,,,,1,,,,,
W0,Kacie,14-Mar,12:20:41 PM,,,,1,,,,,
W0,Kacie,14-Mar,12:21:04 PM,,,,,,,,,nicole rolling in chair at the table in the corner
W0,Kacie,14-Mar,12:22:23 PM,,,,1,,,,,passed by to sit in chair then sat in view of camera
W0,Kacie,14-Mar,12:22:37 PM,,,,,,,,,nicole sitting in chair near doorway working on something at the bale
W0,Kacie,14-Mar,12:23:21 PM,,,,1,,,,,
W0,Kacie,14-Mar,12:23:34 PM,,,,1,,,,,
W0,Kacie,14-Mar,12:23:55 PM,,,,1,,,,,nicole gets back into chair and sits in view of the camera
W0,Kacie,14-Mar,12:24:05 PM,,,,1,,,,,
W0,Kacie,14-Mar,12:24:54 PM,1,,,,,,,,
W0,Kacie,14-Mar,12:25:05 PM,,,1,,,,,,nicole rolls chair farther into view of camera
W0,Kacie,14-Mar,12:27:54 PM,,,1,,,,,,
W0,Kacie,14-Mar,12:28:00 PM,1,,,,,,,,
W0,Kacie,14-Mar,12:28:27 PM,,,,1,,,,,"Nicole sitting in chair in the corner through most of these videos, not sure if that affects what waldo sees"
W0,Kacie,14-Mar,12:29:52 PM,,1,,,,,,,
W0,Kacie,14-Mar,12:29:57 PM,,,1,,,,,,
W0,Kacie,14-Mar,12:32:33 PM,,,,1,,,,,
W0,Kacie,14-Mar,12:32:52 PM,,,,1,,,,,
W0,Kacie,14-Mar,12:32:57 PM,,,,1,,,,,
W0,Kacie,14-Mar,12:33:38 PM,,,,1,,,,,
W0,Kacie,14-Mar,12:34:29 PM,,,,,,,,1,
W0,Kacie,14-Mar,12:34:48 PM,,,,1,,,,,
W0,Kacie,14-Mar,12:36:31 PM,,,,,,,,1,
W0,Kacie,14-Mar,12:36:40 PM,,,,1,,,,,
W0,Kacie,14-Mar,12:36:43 PM,,,,,1 (40 seconds),,,,
W0,Kacie,14-Mar,12:37:11 PM,,,,,1( enitire video),,,,
W0,Kacie,14-Mar,12:38:11 PM,,,,,1 (50 seconds),,,,
W0,Kacie,14-Mar,12:29:00 PM,,,,1,,,,,
W0,Kacie,14-Mar,12:40:04 PM,,,,1,,,,,
W0,Kacie,14-Mar,12:40:09 PM,,,,,1 (4 seconds),,,,
W0,Kacie,14-Mar,12:40:14 PM,,,,1,,,,,
W0,Kacie,14-Mar,12:40:25 PM,,,,,1 (40 seconds),,,,
W0,Kacie,14-Mar,12:41:04 PM,,,,,1 (entire video),,,,
W0,Kacie,14-Mar,12:41:10 PM,,,,1,,,,,
W0,Kacie,14-Mar,12:42:14 PM,,,,,1(enitre video),,,,
W0,Kacie,14-Mar,12:43:14 PM,,,,,1 (entire video),,,,
W0,Kacie,14-Mar,12:43:32 PM,,,,1,,,,,
W0,Kacie,14-Mar,12:44:14 PM,,,,,1(entire video),,,,
W0,Kacie,14-Mar,12:45:11 PM,,,,1,,,,,
W0,Kacie,14-Mar,12:45:14 PM,,,,,1 (25 seconds),,,,
W0,Kacie,14-Mar,12:46:11 PM,,,,1,,,,,
W0,Kacie,14-Mar,12:46:15 PM,,,,1,,,,,
W0,Kacie,14-Mar,12:46:56 PM,,,,1,,,,,
W0,Kacie,14-Mar,12:47:32 PM,,1,,,,,,,
W0,Kacie,14-Mar,12:48:27 PM,1,,,,,,,,
W0,Kacie,14-Mar,12:49:25 PM,,,,1,,,,,
W0,Kacie,14-Mar,12:49:55 PM,,,1,,,,,,"caught the very end of it, may have been an out"
W0,Kacie,14-Mar,12:54:10 PM,,,,,1 (40 seconds),,,,
W0,Kacie,14-Mar,12:54:50 PM,,,,,1 (entire video),,,,
W0,Kacie,14-Mar,12:55:51 PM,,,,,1 (45 seconds),,,,nicole still sitting in chair in the corner throughout all of these videos
W0,Kacie,14-Mar,12:57:05 PM,,1,,,,,,,
W0,Kacie,14-Mar,12:57:16 PM,1,,,,,,,,
W0,Kacie,14-Mar,12:59:00 PM,,1,,,,,,,
W0,Kacie,14-Mar,12:59:12 PM,1,,,,,,,,
W0,Kacie,14-Mar,12:59:23 PM,,1,,,,,,,
W0,Kacie,14-Mar,12:59:35 PM,1,,,,,,,,
W0,Kacie,14-Mar,12:59:49 PM,,1,,,,,,,
W0,Kacie,14-Mar,1:00:03 PM,1,,,,,,,,
W0,Kacie,14-Mar,1:00:22 PM,,1,,,,,,,
W0,Kacie,14-Mar,1:00:39 PM,1,,,,,,,,
W0,Kacie,14-Mar,1:00:56 PM,,1,,,,,,,
W0,Kacie,14-Mar,1:01:12 PM,1,,,,,,,,
W0,Kacie,14-Mar,1:01:41 PM,,,,,1 (20 seconds),,,,
W0,Kacie,14-Mar,1:02:00 PM,,,,,1 (entire video),,,,nicole working on waldo
W0,Kacie,14-Mar,1:03:02 PM,,,,,1 (8 seconds),,,,
W0,Kacie,14-Mar,1:03:09 PM,1,,,,,,,,
W0,Kacie,14-Mar,1:03:36 PM,,,,1,,,,,
W0,Kacie,14-Mar,1:03:42 PM,1,,,,,,,,
W0,Kacie,14-Mar,1:03:57 PM,,1,,,,,,,
W0,Kacie,14-Mar,1:04:39 PM,,,,,1 (20 seconds),,,,
W0,Kacie,14-Mar,1:05:02 PM,,,,,1 (entire video),,,,nicole putting parts on waldo
W0,Kacie,14-Mar,1:06:02 PM,,,,,1 (entire video),,,,nicole putting parts on waldo
W0,Kacie,14-Mar,1:07:02 PM,,,,,1 (58 seconds),,,,
W0,Kacie,14-Mar,1:09:11 PM,,,,,1 (40 seconds),,,,
W0,Kacie,14-Mar,1:14:04 PM,,1,,,,,,,
W0,Kacie,14-Mar,1:16:33 PM,,,1,,,,,,
W0,Kacie,14-Mar,1:17:16 PM,,,,1,,,,,
W0,Kacie,14-Mar,1:17:55 PM,,,1,,,,,,
W0,Kacie,14-Mar,1:20:25 PM,,,,,,,,1,
W0,Kacie,14-Mar,1:20:58 PM,,,,1,,,,,
W0,Kacie,14-Mar,1:21:22 PM,,,,1,,,,,
W0,Kacie,14-Mar,1:32:47 PM,,,1,,,,,,
W0,Kacie,14-Mar,1:33:03 PM,,,,1,,,,,
W0,Kacie,14-Mar,1:50:50 PM,,,,1,,,,,
W0,Kacie,14-Mar,1:50:56 PM,1,,,,,,,,
W0,Kacie,14-Mar,1:51:01 PM,,,,1,,,,,
W0,Kacie,14-Mar,1:51:08 PM,,,,1,,,,,
W0,Kacie,14-Mar,1:51:36 PM,,,,1,,,,,
W0,Kacie,14-Mar,1:52:02 PM,,,,1,,,,,
W0,Kacie,14-Mar,1:54:23 PM,,,,1,,,,,
W0,Kacie,14-Mar,1:57:08 PM,,,,1,,,,,
W0,Kacie,14-Mar,1:57:21 PM,,,,,,,,1,
W0,Kacie,14-Mar,2:12:52 PM,,,1,,,,,,
W0,Kacie,14-Mar,2:15:35 PM,1,,,,,,,,
W0,Kacie,14-Mar,2:16:04 PM,,,,,1 (30 seconds),,,,
W0,Kacie,14-Mar,2:16:34 PM,,,,,1 ( 10 seconds),,,,
W0,Kacie,14-Mar,2:16:45 PM,,1,,,,,,,
W0,Kacie,14-Mar,2:21:15 PM,,1,,,,,,,
W0,Kacie,14-Mar,2:25:03 PM,1,,,,,,,,
W0,Kacie,14-Mar,2:25:25 PM,,1,,,,,,,
W0,Kacie,14-Mar,2:38:23 PM,,,,1,,,,,
W0,Kacie,14-Mar,2:38:32 PM,,,,1,,,,,
W0,Kacie,14-Mar,2:38:57 PM,,,,1,,,,,
W0,Kacie,14-Mar,2:52:57 PM,1,,,,,,,,
W0,Kacie,14-Mar,2:53:13 PM,,,,1,,,,,
W0,Kacie,14-Mar,2:55:24 PM,,,1,,,,,,
W0,Kacie,14-Mar,2:56:03 PM,1,,,,,,,,
W0,Kacie,14-Mar,2:56:42 PM,,1,,,,,,,
W0,Kacie,14-Mar,2:56:51 PM,,1,,,,,,,
W0,Kacie,14-Mar,2:57:20 PM,,,1,,,,,,
W0,Kacie,14-Mar,3:00:14 PM,1,,,,,,,,
W0,Kacie,14-Mar,3:07:44 PM,,1,,,,,,,
W0,Kacie,14-Mar,3:08:18 PM,1,,,,,,,,
W0,Kacie,14-Mar,3:09:09 PM,,,,1,,,,,
W0,Kacie,14-Mar,3:11:01 PM,1,,,,,,,,
W0,Kacie,14-Mar,3:18:55 PM,,,1,,,,,,
W0,Kacie,14-Mar,3:19:15 PM,,,,1,,,,,
W0,Kacie,14-Mar,3:22:02 PM,,,,,,,,1,
W0,Kacie,14-Mar,3:22:08 PM,,,,,,,,1,
W0,Kacie,14-Mar,3:23:02 PM,,,,,,,,1,
W0,Kacie,14-Mar,3:31:08 PM,,,,1,,,,,
W0,Kacie,14-Mar,3:31:41 PM,,,,1,,,,,
W0,Kacie,14-Mar,3:32:16 PM,,,1,,,,,,
W0,Kacie,14-Mar,3:32:38 PM,,,1,,,,,,
W0,Kacie,14-Mar,3:34:17 PM,,,,,,,1,,
W0,Kacie,14-Mar,3:34:47 PM,1,,,,,,,,
W0,Kacie,14-Mar,3:35:02 PM,,1,,,,,,,
W0,Kacie,14-Mar,3:35:32 PM,1,,,,,,,,
W0,Kacie,14-Mar,3:35:53 PM,1,,,,,,,,
W0,Kacie,14-Mar,3:36:36 PM,,1,,,,,,,
W0,Kacie,14-Mar,3:40:46 PM,,,,1,,,,,
W0,Kacie,14-Mar,3:55:04 PM,1,,,,,,,,
W0,Kacie,14-Mar,3:55:42 PM,,,1,,,,,,walks into doorway and then turns back around
W0,Kacie,14-Mar,3:55:52 PM,,1,,,,,,,
W0,Kacie,14-Mar,3:56:02 PM,,1,,,,,,,
W0,Kacie,14-Mar,3:56:03 PM,,1,,,,,,,
W0,Kacie,14-Mar,3:56:40 PM,,,,1,,,,,
W0,Kacie,14-Mar,3:58:21 PM,,,,,1 (45 seconds),,,,
W0,Kacie,14-Mar,3:59:06 PM,1,,,,,,,,
W0,Kacie,14-Mar,4:00:19 PM,,,,,,1,,,
W0,Kacie,14-Mar,4:01:42 PM,,,,1,,,,,
W0,Kacie,14-Mar,4:02:24 PM,,,,1,,,,,
W0,Kacie,14-Mar,4:02:47 PM,1,,,,,,,,
W0,Kacie,14-Mar,4:03:17 PM,,1,,,,,,,
W0,Kacie,14-Mar,4:05:07 PM,1,,,,,,,,
W0,Kacie,14-Mar,4:05:13 PM,,1,,,,,,,"walked out, sort of lingered, then walked back in"
W0,Kacie,14-Mar,4:05:28 PM,1,,,,,,,,
W0,Kacie,14-Mar,4:07:19 PM,,1,,,,,,,
W0,Kacie,14-Mar,4:08:14 PM,,,,1,,,,,
W0,Kacie,14-Mar,4:10:17 PM,,,,,,,,,cameras are changed
W0,Kacie,17-Mar,7:10:56 PM,1,,,,,,,,
W0,Kacie,17-Mar,7:27:41 PM,,,,1,,,,,
W0,Kacie,17-Mar,7:32:09 PM,,1,,,,,,,caught very end
W0,Kacie,17-Mar,7:32:42 PM,1,,,,,,,,
W0,Kacie,17-Mar,7:52:45 PM,,1,,,,,,,
W0,Kacie,17-Mar,7:54:29 PM,,1,,,,,,,
W0,Kacie,17-Mar,7:54:44 PM,1,,,,,,,,
W0,Kacie,17-Mar,7:55:05 PM,,1,,,,,,,
W0,Kacie,17-Mar,7:55:15 PM,1,,,,,,,,
W0,Kacie,17-Mar,7:55:26 PM,,1,,,,,,,
W0,Kacie,17-Mar,7:55:41 PM,1,,,,,,,,
W0,Kacie,17-Mar,7:55:52 PM,,1,,,,,,,
W0,Kacie,17-Mar,7:56:17 PM,1,,,,,,,,
W0,Kacie,17-Mar,8:01:50 PM,,,,,,1,,,
W0,Kacie,17-Mar,8:03:59 PM,,,,1,,,,,
W0,Kacie,17-Mar,8:04:08 PM,1,,,,,,,,
W0,Kacie,17-Mar,8:05:58 PM,,1,,,,,,,door was shut
W0,Kacie,18-Mar,9:04:07 AM,,,,1,,,,,
W0,Kacie,18-Mar,9:10:28 AM,,,1,,,,,,
W0,Kacie,18-Mar,9:19:25 AM,1,,,1,,,,,"someone opened the door and entered, and someone passed by at the same time"
W0,Kacie,18-Mar,9:20:20 AM,,1,,,,,,,
W0,Kacie,18-Mar,9:26:22 AM,1,,,,,,,,
W0,Kacie,18-Mar,9:27:02 AM,,,,1,,,,,
W0,Kacie,18-Mar,9:27:09 AM,,,,1,,,,,
W0,Kacie,18-Mar,9:28:09 AM,,,,1,,,,,
W0,Kacie,18-Mar,9:29:49 AM,1,,,,,,,,
W0,Kacie,18-Mar,9:30:26 AM,,,,1,,,,,
W0,Kacie,18-Mar,9:33:35 AM,,,,1,,,,,
W0,Kacie,18-Mar,9:33:58 AM,,,1,,,,,,
W0,Kacie,18-Mar,10:10:09 AM,,,,,,,,,"not sure how to classify it, caught the very end of it"
W0,Kacie,18-Mar,10:10:15 AM,1,,,,,,,,
W0,Kacie,18-Mar,10:15:32 AM,,,,,,,,,caught the very end of the event again
W0,Kacie,18-Mar,10:20:03 AM,1,,,,,,,,
W0,Kacie,18-Mar,10:55:25 AM,,,,1,,,,,"i think it was a passby, but caught the very end"
W0,Kacie,18-Mar,10:55:36 AM,,,1,,,,,,
W0,Kacie,18-Mar,11:35:47 AM,1,,,,,,,,
W0,Kacie,18-Mar,11:41:05 AM,,1,,,,,,,
W0,Kacie,18-Mar,11:46:21 AM,1,,,,,,,,
W0,Kacie,18-Mar,12:03:27 PM,,1,,,,,,,
W0,Kacie,18-Mar,12:05:39 PM,,,,1,,,,,
W0,Kacie,18-Mar,12:19:11 PM,,,,1,,,,,
W0,Kacie,18-Mar,12:19:38 PM,,,,1,,,,,
W0,Kacie,18-Mar,12:44:19 PM,1,,,,,,,,
W0,Kacie,18-Mar,12:48:48 PM,,,,1,,,,,
W0,Kacie,18-Mar,1:16:58 PM,1,,,,,,,,
W0,Kacie,18-Mar,1:22:12 PM,,,,1,,,,,
W0,Kacie,18-Mar,1:42:06 PM,,,1,,,,,,
W0,Kacie,18-Mar,1:44:28 PM,,1,,,,,,,
W0,Kacie,18-Mar,1:44:48 PM,,,,,1,,,,someone stood by the door and moved the door some
W0,Kacie,18-Mar,1:44:56 PM,,,,1,,,,,
W0,Kacie,18-Mar,1:45:03 PM,,1,,,1,,,,"walked out, stood in the hall for a moment, and then walked back in"
W0,Kacie,18-Mar,1:45:08 PM,1,,,,,,,,
W0,Kacie,18-Mar,1:49:39 PM,,,,1,,,,,
W0,Kacie,18-Mar,1:54:34 PM,,,,1,,,,,
W0,Kacie,18-Mar,2:03:39 PM,,,,1,,,,,"caught the very end of it,  possibly could have been an in instead"
W0,Kacie,18-Mar,2:45:42 PM,,1,,,,,,,
W0,Kacie,18-Mar,2:48:47 PM,1,,,,,,,,
W0,Kacie,18-Mar,2:51:30 PM,,1,,,,,,,
W0,Kacie,18-Mar,2:52:35 PM,,,,1,,,,,
W0,Kacie,18-Mar,2:52:40 PM,,,,1,,,,,
W0,Kacie,18-Mar,4:34:05 PM,,,,1,,,,,
W0,Kacie,18-Mar,4:40:42 PM,1,,,,,,,,
W0,Kacie,18-Mar,4:43:45 PM,,1,,,,,,,
W0,Kacie,18-Mar,4:52:29 PM,1,,,,,,,,
W0,Kacie,18-Mar,4:58:42 PM,,1,,,,,,,
W0,Kacie,18-Mar,4:59:39 PM,,1,,,,,,,
W0,Kacie,18-Mar,5:02:26 PM,,,,1,,,,,
W0,Kacie,18-Mar,5:22:42 PM,1,,,,,,,,
W0,Kacie,18-Mar,5:24:22 PM,,1,,,,,,,
W0,Kacie,18-Mar,5:46:38 PM,,,,1,,,,,
W0,Kacie,18-Mar,6:00:52 PM,,,,1,,,,,
W0,Kacie,18-Mar,6:46:23 PM,,1,,,,,,,
W0,Kacie,18-Mar,6:48:06 PM,1,,,,,,,,
W0,Kacie,18-Mar,8:59:07 PM,,1,,,,,,,
W0,Kacie,18-Mar,9:02:12 PM,1,,,,,,,,
W0,Kacie,18-Mar,10:02:33 PM,,,,1,,,,,
W0,Kacie,18-Mar,10:04:07 PM,,,,1,,,,,
W0,Kacie,18-Mar,10:04:28 PM,,1,,,,,,,
W0,Kacie,18-Mar,10:06:09 PM,1,,,,,,,,
W0,Kacie,18-Mar,10:06:18 PM,,,,1,,,,,
W0,Kacie,18-Mar,11:36:14 PM,,1,,,,,,,door shut
W0,Kacie,19-Mar,7:32:30 AM,,,1,,,,,,
W0,Kacie,19-Mar,8:58:22 AM,,,,1,,,,,
W0,Kacie,19-Mar,9:00:58 AM,,,,1,,,,,
W0,Kacie,19-Mar,9:04:30 AM,,,1,,,,,,
W0,Kacie,19-Mar,10:03:42 AM,,,,,,1,,,door opened
W0,Kacie,19-Mar,10:12:47 AM,,,1,,,,,,
W0,Kacie,19-Mar,10:16:08 AM,,1,,,,,,,
W0,Kacie,19-Mar,10:16:28 AM,,,,1,,,,,
W0,Kacie,19-Mar,10:33:32 AM,1,,,,,,,,
W0,Kacie,19-Mar,10:57:02 AM,,1,,,,,,,
W0,Kacie,19-Mar,11:42:29 AM,1,,,,,,,,
W0,Kacie,19-Mar,11:43:09 AM,1,,,,,,,,
W0,Kacie,19-Mar,11:51:31 AM,1,,,,,,,,
W0,Kacie,19-Mar,12:02:02 PM,,,1,,,,,,
W0,Kacie,19-Mar,12:06:09 PM,1,,,,,,,,
W0,Kacie,19-Mar,12:27:56 PM,,,,1,,,,,
W0,Kacie,19-Mar,12:28:44 PM,,,,1,,,,,
W0,Kacie,19-Mar,12:28:50 PM,,,,1,,,,,
W0,Kacie,19-Mar,12:31:19 PM,,1,,,,,,,
W0,Kacie,19-Mar,12:33:35 PM,1,,,,,,,,
W0,Kacie,19-Mar,12:33:44 PM,,1,,1,,,,,
W0,Kacie,19-Mar,12:33:48 PM,,,,1,,,,,
W0,Kacie,19-Mar,12:34:30 PM,,,,1,,,,,
W0,Kacie,19-Mar,12:34:40 PM,1,,,,,,,,
W0,Kacie,19-Mar,12:34:50 PM,,,,1,,,,,
W0,Kacie,19-Mar,12:35:00 PM,,,,1,,,,,
W0,Kacie,19-Mar,12:35:15 PM,,,,1,,,,,
W0,Kacie,19-Mar,12:36:24 PM,,,,1,,,,,
W0,Kacie,19-Mar,12:39:03 PM,1,,,,,,,,
W0,Kacie,19-Mar,1:26:05 PM,,,,1,,,,,
W0,Kacie,19-Mar,1:34:09 PM,,,,1,,,,,
W0,Kacie,19-Mar,1:34:38 PM,,,,1,,,,,
W0,Kacie,19-Mar,2:06:36 PM,,,,,1 (40 seconds),,,,
W0,Kacie,19-Mar,2:07:15 PM,1,,,,,,,,
W0,Kacie,19-Mar,2:07:31 PM,,,,,1,,,,man lingering then someone walks up and ands him something
W0,Kacie,19-Mar,2:07:36 PM,,,,,1 (entire video),,,,two people lingering in the doorway
W0,Kacie,19-Mar,2:08:41 PM,1,1,,,,,,,
W0,Kacie,19-Mar,2:08:46 PM,,,,,1 (7 seconds),,,,
W0,Kacie,19-Mar,2:08:52 PM,,1,,,,,,,"after lingering in doorway, man walks away"
W0,Kacie,19-Mar,2:22:19 PM,,1,,,,,,,
W0,Kacie,19-Mar,2:22:24 PM,1,,,,,,,,
W0,Kacie,19-Mar,2:22:46 PM,,1,,,,,,,
W0,Kacie,19-Mar,2:34:58 PM,1,,,,,,,,
W0,Kacie,19-Mar,2:37:15 PM,,,,1,,,,,
W0,Kacie,19-Mar,2:42:10 PM,,,,1,,,,,
W0,Kacie,19-Mar,2:44:40 PM,,,,1,,,,,
W0,Kacie,19-Mar,2:58:09 PM,,,,1,,,,,
W0,Kacie,19-Mar,3:23:43 PM,,,,1,,,,,
W0,Kacie,19-Mar,3:53:23 PM,,1,,,,,,,
W0,Kacie,19-Mar,3:56:34 PM,,,,1,,,,,
W0,Kacie,19-Mar,3:56:55 PM,,1,,,,,,,
W0,Kacie,19-Mar,4:00:33 PM,1,,,,,,,,
W0,Kacie,19-Mar,4:06:46 PM,1,,,,,,,,
W0,Kacie,19-Mar,4:09:19 PM,,,,,,,,,"caught the very end, might be an out or passby"
W0,Kacie,19-Mar,4:09:23 PM,,,,1,,,,,
W0,Kacie,19-Mar,4:52:55 PM,,,,1,,,,,
W0,Kacie,19-Mar,4:54:52 PM,,1,,,,,,,
W0,Kacie,19-Mar,4:55:16 PM,1,,,,,,,,
W0,Kacie,19-Mar,4:55:31 PM,,1,,,,,,,
W0,Kacie,19-Mar,5:10:32 PM,,,,1,,,,,
W0,Kacie,19-Mar,6:00:03 PM,,,,1,,,,,
W0,Kacie,19-Mar,6:00:28 PM,,,,1,,,,,
W0,Kacie,19-Mar,6:03:49 PM,,,,1,,,,,
W0,Kacie,19-Mar,6:05:12 PM,,,,1,,,,,
W0,Kacie,19-Mar,6:26:54 PM,1,,,,,,,,
W0,Kacie,19-Mar,6:27:10 PM,,1,,,,,,,door shut
W0,Kacie,19-Mar,8:24:55 PM,,,,1,,,,,
W0,Kacie,19-Mar,10:11:33 PM,,,,,,1,,,door opened
W0,Kacie,19-Mar,10:16:25 PM,,1,,,,,,,
W0,Kacie,19-Mar,10:30:03 PM,,,,,1 (entire video),,,,
W0,Kacie,19-Mar,10:30:18 PM,1,,,,,,,,enters while the other person is still lingering
W0,Kacie,19-Mar,10:31:03 PM,,,,,1 (entire video),,,,
W0,Kacie,19-Mar,10:32:23 PM,,,,,1 (entire video),,,,
W0,Kacie,19-Mar,10:33:47 PM,,,,,1,,,,nicole changing out camera
W0,Kacie,19-Mar,10:40:57 PM,,,,,1,,,,nicole sitting in chair at table in the corner
W0,Kacie,19-Mar,10:41:42 PM,,,,,1,,,,nicole working on waldo
W0,Kacie,19-Mar,10:42:03 PM,1,,,,,,,,jeff entered while nicole was working on waldo in the doorway
W0,Kacie,19-Mar,10:43:12 PM,,,,1,,,,,nicole passes by but then lingers in the corner
W0,Kacie,19-Mar,10:45:40 PM,,1,,,,,,,
W0,Kacie,19-Mar,10:45:49 PM,1,,,,,,,,
W0,Kacie,19-Mar,10:45:59 PM,,1,,,,,,,
W0,Kacie,19-Mar,10:46:09 PM,1,,,,,,,,
W0,Kacie,19-Mar,10:47:46 PM,,1,,,,,,,
W0,Kacie,19-Mar,10:47:59 PM,1,,,,,,,,
W0,Kacie,19-Mar,10:48:14 PM,,1,,,,,,,
W0,Kacie,19-Mar,10:48:28 PM,1,,,,,,,,
W0,Kacie,19-Mar,10:53:53 PM,,,,,,,1,,door shut
W0,Kacie,20-Mar,8:39:11 AM,,,,1,,,,,
W0,Kacie,20-Mar,9:03:29 AM,1,,,,,,,,"door opened, may be a linger when he was typing in code"
W0,Kacie,20-Mar,9:04:12 AM,1,,,,,,,,
W0,Kacie,20-Mar,9:04:24 AM,,,,,1,,,,jacob standing next to table working on waldo
W0,Kacie,20-Mar,9:04:36 AM,,,,1,,,,,
W0,Kacie,20-Mar,9:06:36 AM,,,,,1 (35 seconds),,,,
W0,Kacie,20-Mar,9:07:09 AM,,1,,,,,,,
W0,Kacie,20-Mar,9:09:50 AM,1,,,,,,,,
W0,Kacie,20-Mar,9:21:00 AM,,,,1,,,,,
W0,Kacie,20-Mar,9:51:34 AM,,,,1,,,,,
W0,Kacie,20-Mar,10:01:37 AM,,,,1,,,,,
W0,Kacie,20-Mar,10:03:40 AM,,,,1,,,,,
W0,Kacie,20-Mar,10:04:00 AM,,,1,,,,,,
W0,Kacie,20-Mar,10:32:41 AM,,,1,,,,,,
W0,Kacie,20-Mar,10:33:38 AM,,,,,,,,1,
W0,Kacie,20-Mar,10:35:20 AM,,,,,,,,1,
W0,Kacie,20-Mar,10:35:25 AM,,,1,,,,,,
W0,Kacie,20-Mar,10:38:45 AM,,,,,,,,1,
W0,Kacie,20-Mar,10:41:43 AM,,1,,,,,,,
W0,Kacie,20-Mar,10:45:43 AM,1,,,,,,,,
W0,Kacie,20-Mar,10:46:31 AM,,1,,,,,,,
W0,Kacie,20-Mar,10:47:30 AM,1,,,,,,,,
W0,Kacie,20-Mar,10:47:48 AM,1,,,,,,,,
W0,Kacie,20-Mar,10:48:04 AM,,1,,,,,,,
W0,Kacie,20-Mar,10:51:02 AM,,,,1,,,,,
W0,Kacie,20-Mar,11:05:07 AM,,,1,,,,,,
W0,Kacie,20-Mar,11:05:22 AM,,,,1,,,,,
W0,Kacie,20-Mar,11:10:21 AM,1,,,,,,,,
W0,Kacie,20-Mar,11:14:41 AM,,1,,,,,,,
W0,Kacie,20-Mar,11:25:17 AM,,,1,,,,,,
W0,Kacie,20-Mar,11:26:56 AM,,,1,,,,,,caught the end of the event. could be a passby or out
W0,Kacie,20-Mar,11:28:47 AM,,,,1,,,,,
W0,Kacie,20-Mar,11:31:20 AM,,,,1,,,,,
W0,Kacie,20-Mar,11:39:35 AM,,,,,1,,,,someone standing beside the doorway and then walked away
W0,Kacie,20-Mar,11:39:46 AM,1,,,,,,,,
W0,Kacie,20-Mar,11:39:55 AM,,,,1,,,,,
W0,Kacie,20-Mar,11:40:10 AM,,,,,1 (7 seconds),,,,
W0,Kacie,20-Mar,11:40:17 AM,,1,,,,,,,
W0,Kacie,20-Mar,11:40:22 AM,,,,,1,,,,man on ladder in doorway
W0,Kacie,20-Mar,11:40:34 AM,,,,,1 (entire video),,,,man on ladder in doorway
W0,Kacie,20-Mar,11:41:34 AM,,,,,1 (15 seconds),,,,man on ladder in doorway
W0,Kacie,20-Mar,11:41:49 AM,,1,,,,,,,
W0,Kacie,20-Mar,11:42:07 AM,,1,,,,,,,
W0,Kacie,20-Mar,11:47:12 AM,1,,,,,,,,
W0,Kacie,20-Mar,11:47:49 AM,1,,,,,,,,
W0,Kacie,20-Mar,11:52:23 AM,,,1,,,,,,person kind of pacing back and forth?
W0,Kacie,20-Mar,11:52:34 AM,,,1,,,,,,
W0,Kacie,20-Mar,12:10:36 PM,,,,1,,,,,
W0,Kacie,20-Mar,12:16:47 PM,,,1,,,,,,
W0,Kacie,20-Mar,12:17:34 PM,,,,1,,,,,
W0,Kacie,20-Mar,12:20:41 PM,,,,,1 (45 seconds),,,,stands in the hall and then walks down stairs after 45 seconds
W0,Kacie,20-Mar,12:24:40 PM,,,,,1,,,,man sets up ladder in doorway
W0,Kacie,20-Mar,12:29:20 PM,,,,,1 (30 seconds),,,,man on ladder
W0,Kacie,20-Mar,12:29:51 PM,,1,,,,,,,
W0,Kacie,20-Mar,12:30:46 PM,,,,1,,,,,
W0,Kacie,20-Mar,12:37:17 PM,,,,1,,,,,
W0,Kacie,20-Mar,12:44:39 PM,,1,,,,,,,
W0,Kacie,20-Mar,12:46:36 PM,1,,,,,,,,
W0,Kacie,20-Mar,12:46:52 PM,,,,1,,,,,
W0,Kacie,20-Mar,1:08:46 PM,,,,1,,,,,
W0,Kacie,20-Mar,1:25:18 PM,,,,1,,,,,
W0,Kacie,20-Mar,1:26:18 PM,,,,,,,,1,two people pass by
W0,Kacie,20-Mar,1:26:53 PM,,,,,,1,,,2 people
W0,Kacie,20-Mar,1:27:57 PM,,,,,1 (8 seconds),,,,
W0,Kacie,20-Mar,1:27:05 PM,,,,,,,1,,
W0,Kacie,20-Mar,1:27:38 PM,,1,,,,,,,
W0,Kacie,20-Mar,1:28:34 PM,,,,1,,,,,
W0,Kacie,20-Mar,1:31:26 PM,,,,1,,,,,
W0,Kacie,20-Mar,1:34:42 PM,,1,,,,,,,only caught the end of the event but i believe it was an out
W0,Kacie,20-Mar,1:38:56 PM,,,,1,,,,,
W0,Kacie,20-Mar,1:39:20 PM,,,,1,,,,,
W0,Kacie,20-Mar,1:39:37 PM,,,1,,,,,,
W0,Kacie,20-Mar,1:46:58 PM,,,,1,,,,,
W0,Kacie,20-Mar,1:47:06 PM,,,,1,,,,,
W0,Kacie,20-Mar,1:47:32 PM,,,1,,,,,,
W0,Kacie,20-Mar,1:50:40 PM,,,,1,,,,,
W0,Kacie,20-Mar,1:59:30 PM,,,,1,,,,,caught very end of event so im not positive it was a passby
W0,Kacie,20-Mar,2:05:16 PM,,,,1,,,,,
W0,Kacie,20-Mar,2:06:22 PM,1,,,,,,,,
W0,Kacie,20-Mar,2:07:19 PM,,,,,,,1,,2 people
W0,Kacie,20-Mar,2:11:15 PM,1,,,,,,,,
W0,Kacie,20-Mar,2:16:14 PM,,,,,1,,,,foot in the video by the door for the whole video
W0,Kacie,20-Mar,2:19:22 PM,,,,,1 (15 seconds),,,,
W0,Kacie,20-Mar,2:19:45 PM,,,1,,,,,,
W0,Kacie,20-Mar,2:25:32 PM,,,,1,,,,,
W0,Kacie,20-Mar,2:35:53 PM,,,,,1 (23 seconds),,,,someones leg in view of the camera
W0,Kacie,20-Mar,2:36:16 PM,,,,1,,,,,
W0,Kacie,20-Mar,2:50:03 PM,,1,,,,,,,
W0,Kacie,20-Mar,2:47:02 PM,,1,,,,,,,
W0,Kacie,20-Mar,2:57:38 PM,,,,1,,,,,
W0,Kacie,20-Mar,3:01:50 PM,1,,,,,,,,
W0,Kacie,20-Mar,3:11:36 PM,1,,,,,,,,
W0,Kacie,20-Mar,3:21:46 PM,,1,,,,,,,
W0,Kacie,20-Mar,3:21:50 PM,,,,,1 (60 seconds),,,,person sitting in chair in the corner
W0,Kacie,20-Mar,3:25:00 PM,,,,1,,,,,
W0,Kacie,20-Mar,3:25:40 PM,,,,1,,,,,
W0,Kacie,20-Mar,3:28:08 PM,,,,1,,,,,
W0,Kacie,20-Mar,3:28:28 PM,,,,1,,,,,
W0,Kacie,20-Mar,4:51:24 PM,,1,,,,,,,
W0,Kacie,20-Mar,4:53:36 PM,,,,1,,,,,
W0,Kacie,20-Mar,4:58:35 PM,,,,,1 (25 seconds),,,,
W0,Kacie,20-Mar,4:59:00 PM,,1,,,,,,,
W0,Kacie,20-Mar,4:59:28 PM,1,,,,,,,,
W0,Kacie,20-Mar,5:00:11 PM,,1,,,,,,,
W0,Kacie,20-Mar,5:20:33 PM,1,,,,,,,,
W0,Kacie,20-Mar,5:22:17 PM,,1,,,,,,,door shut
W0,Kacie,21-Mar,7:49:04 AM,1,,,,,,,,door open
W0,Kacie,21-Mar,8:00:19 AM,,,,,1 (entire video),,,,jacob messing with waldo
W0,Kacie,21-Mar,8:00:38 AM,,,,,1 (10 seconds),,,,
W0,Kacie,21-Mar,8:00:49 AM,,1,,,,,,,
W0,Kacie,21-Mar,8:06:34 AM,1,,,,,,,,
W0,Kacie,21-Mar,8:08:03 AM,,1,,,,,,,
W0,Kacie,21-Mar,8:08:16 AM,1,,,,,,,,
W0,Kacie,21-Mar,8:08:33 AM,,1,,,,,,,
W0,Kacie,21-Mar,8:08:53 AM,1,,,,,,,,
W0,Kacie,21-Mar,8:09:24 AM,,1,,,,,,,
W0,Kacie,21-Mar,8:09:52 AM,1,,,,,,,,
W0,Kacie,21-Mar,8:10:29 AM,,1,,,,,,,
W0,Kacie,21-Mar,8:10:48 AM,1,,,,,,,,
W0,Kacie,21-Mar,8:11:53 AM,,1,,,,,,,
W0,Kacie,21-Mar,8:12:45 AM,1,,,,,,,,
W0,Kacie,21-Mar,8:13:11 AM,,1,,,,,,,
W0,Kacie,21-Mar,8:18:23 AM,1,,,,,,,,
W0,Kacie,21-Mar,8:19:02 AM,,1,,,,,,,door shut
W0,Kacie,21-Mar,10:45:50 AM,,,,1,,,,,
W0,Kacie,21-Mar,10:46:32 AM,,,,1,,,,,
W0,Kacie,21-Mar,11:04:18 AM,,,,1,,,,,
W0,Kacie,21-Mar,11:19:37 AM,,,,1,,,,,
W0,Kacie,21-Mar,11:54:14 AM,,,,1,,,,,
W0,Kacie,21-Mar,11:58:50 AM,,,,1,,,,,
W0,Kacie,21-Mar,11:59:40 AM,,,,1,,,,,
W0,Kacie,21-Mar,12:00:00 PM,,,,1,,,,,
W0,Kacie,21-Mar,12:03:01 PM,,,,1,,,,,
W0,Kacie,21-Mar,12:03:44 PM,,,,,1 (7 seconds),,,,person trying to open the door
W0,Kacie,21-Mar,12:03:59 PM,1,,,,,,,,door open
W0,Kacie,21-Mar,12:04:06 PM,,,,1,,,,,
W0,Kacie,21-Mar,12:04:38 PM,,,,1,,,,,
W0,Kacie,21-Mar,12:29:30 PM,,,1,,,,,,
W0,Kacie,21-Mar,12:29:46 PM,,,,1,,,,,
W0,Kacie,21-Mar,12:30:34 PM,,,,1,,,,,
W0,Kacie,21-Mar,12:36:54 PM,,,1,,,,,,
W0,Kacie,21-Mar,12:37:00 PM,,,,1,,,,,
W0,Kacie,21-Mar,12:56:39 PM,,,,1,,,,,
W0,Kacie,21-Mar,1:00:56 PM,,,,1,,,,,
W0,Kacie,21-Mar,1:01:12 PM,,,1,,,,,,
W0,Kacie,21-Mar,1:01:20 PM,,1,,,,,,,
W0,Kacie,21-Mar,1:01:37 PM,,,,1,,,,,
W0,Kacie,21-Mar,1:29:47 PM,,1,,,,,,,
W0,Kacie,21-Mar,1:29:52 PM,,,1,,,,,,person walked out and then turned back to come shut the door
W0,Kacie,21-Mar,1:30:10 PM,1,,,,,,,,
W0,Kacie,21-Mar,1:35:00 PM,,1,,,1 (10 seonds),,,,walks out doorway and then stands there for a few seconds and then keeps walking
W0,Kacie,21-Mar,1:35:14 PM,,,,1,,,,,
W0,Kacie,21-Mar,1:35:18 PM,1,,,,,,,,
W0,Kacie,21-Mar,1:53:40 PM,,,,1,,,,,
W0,Kacie,21-Mar,2:04:30 PM,,1,,,,,,,after walking out he kind of walks in a circle in the hallway
W0,Kacie,21-Mar,2:04:43 PM,1,,,,,,,,
W0,Kacie,21-Mar,2:14:28 PM,,,,1,,,,,
W0,Kacie,21-Mar,2:16:28 PM,,,,1,,,,,
W0,Kacie,21-Mar,2:30:11 PM,,1,,,,,,,
W0,Kacie,21-Mar,2:36:30 PM,1,,,,,,,,
W0,Kacie,21-Mar,2:36:55 PM,,1,,,,,,,door shut
W0,Kacie,21-Mar,2:44:20 PM,,,,1,,,,,
W0,Kacie,21-Mar,2:44:41 PM,,,1,,,,,,
W0,Kacie,21-Mar,2:51:30 PM,1,,,,,,,,door open
W0,Kacie,21-Mar,15:00:56,,,,1,,,,,
W0,Kacie,21-Mar,15:19:51,,1,,,,,,,door shut
W0,Kacie,21-Mar,15:40:56,1,,,,,,,,door open
W0,Kacie,21-Mar,16:42:14,,1,,,,,,,door shut
W0,Kacie,21-Mar,16:44:17,1,,,,,,,,door open
W0,Kacie,21-Mar,16:58:18,,,,1,,,,,
W0,Kacie,21-Mar,17:28:14,,,,,1 (entire video),,,,person standing a couple of feet in front of doorway
W0,Kacie,21-Mar,17:29:14,,,,,1 (35 seconds),,,,
W0,Kacie,21-Mar,17:29:47,,1,,,,,,,
W0,Kacie,21-Mar,17:44:11,,1,,,,,,,door shut
W0,Kacie,21-Mar,18:00:22,,,,1,,,,,
W0,Kacie,21-Mar,19:02:40,,,,1,,,,,
W0,Kacie,22-Mar,8:45:35,1,,,,,,,,door open
W0,Kacie,22-Mar,8:46:04,,,,,1 (10 seconds),,,,jacob messing with waldo
W0,Kacie,22-Mar,8:46:16,,1,,,,,,,
W0,Kacie,22-Mar,8:47:03,,,,,1 (30 seconds),,,,jacob messing with waldo
W0,Kacie,22-Mar,8:47:32,,,,,1 (17 seconds),,,,
W0,Kacie,22-Mar,8:47:50,,1,,,,,,,
W0,Kacie,22-Mar,10:42:00,1,,,,,,,,
W0,Kacie,22-Mar,10:42:04,,,,1,,,,,
W0,Kacie,22-Mar,11:02:00,,,,1,,,,,
W0,Kacie,22-Mar,11:11:53,,1,,,,,,,caught the end of the event so could have also been a passby
W0,Kacie,22-Mar,11:19:04,1,,,,,,,,
W0,Kacie,22-Mar,11:19:46,,,1,,,,,,
W0,Kacie,22-Mar,11:19:53,,,1,,,,,,
W0,Kacie,22-Mar,11:43:40,1,,,,,,,,
W0,Kacie,22-Mar,11:43:48,,1,,,,,,,
W0,Kacie,22-Mar,11:43:55,,,,1,,,,,
W0,Kacie,22-Mar,11:45:47,1,,,,,,,,
W0,Kacie,22-Mar,11:54:33,,,,1,,,,,
W0,Kacie,22-Mar,11:56:48,,,,,1 (7 seconds),,,1,2 people passby
W0,Kacie,22-Mar,11:56:53,1,,,,,,,,
W0,Kacie,22-Mar,11:57:18,,,,1,,,,,
W0,Kacie,22-Mar,12:04:39,,,,1,,,,,
W0,Kacie,22-Mar,12:32:38,,,,1,,,,,
W0,Kacie,22-Mar,12:33:03,,,,1,,,,,
W0,Kacie,22-Mar,12:33:15,,,,1,,,,,
W0,Kacie,22-Mar,12:37:28,,,,1,,,,,person getting in chair in the corner of video
W0,Kacie,22-Mar,13:36:30,,,,1,,,,,
W0,Kacie,22-Mar,13:43:26,,,,1,,,,,
W0,Kacie,22-Mar,14:10:14,1,,,,,,,,
W0,Kacie,22-Mar,14:11:14,,,,,1 (5 seconds),,,,
W0,Kacie,22-Mar,14:11:19,,,1,,,,,,one person passes by really close to the door and then another person basses by far away
W0,Kacie,22-Mar,14:55:02,,,,1,,,,,
W0,Kacie,22-Mar,14:55:15,,,1,,,,,,
W0,Kacie,22-Mar,14:58:30,,1,,,,,,,
W0,Kacie,22-Mar,15:00:00,,,,,,,,1,two people walk by and one shuts the door
W0,Kacie,22-Mar,15:00:04,,,,,,,,1,2 people passby very closely
W0,Kacie,22-Mar,15:09:06,,,,1,,,,,
W0,Kacie,22-Mar,15:58:20,,,,1,,,,,
W0,Kacie,22-Mar,16:06:33,,,,1,,,,,
W0,Kacie,22-Mar,16:16:56,1,,,,,,,,door open
W0,Kacie,22-Mar,16:17:13,,,,1,,,,,
W0,Kacie,22-Mar,16:17:22,,1,,,,,,,
W0,Kacie,22-Mar,16:22:13,1,,,,,,,,
W0,Kacie,22-Mar,16:22:24,,1,,,,,,,
W0,Kacie,22-Mar,16:40:11,,,,,,1,,,4 people in
W0,Kacie,22-Mar,16:40:18,,,,,,1,,,3 people in and then stood in front of the doorway
W0,Kacie,22-Mar,16:40:27,,1,,,,,,,little girl walked out
W0,Kacie,22-Mar,16:40:35,1,,,,,,,,
W0,Kacie,22-Mar,16:40:40,,,,,1 (30 seconds),,,,
W0,Kacie,22-Mar,16:41:08,,,,,1 (30 seconds),,,,group of people standing in front of doorway
W0,Kacie,22-Mar,16:41:38,,,,1,,,,,
W0,Kacie,22-Mar,16:42:19,,1,,,,,,,
W0,Kacie,22-Mar,16:42:31,,,,,1 (40 seconds),,,,large group of people standing around doorway looking at waldo
W0,Kacie,22-Mar,16:43:11,,,,,1 (45 seconds),,,,
W0,Kacie,22-Mar,16:43:56,,,,,,1,,,3 people
W0,Kacie,22-Mar,16:44:08,,,,,,,,1,2 people
W0,Kacie,22-Mar,16:44:25,,,,1,,,,,
W0,Kacie,22-Mar,16:44:35,,1,,,,,,,
W0,Kacie,22-Mar,16:45:01,,,,1,,,,,
W0,Kacie,22-Mar,16:45:20,1,,,,,,,,
W0,Kacie,22-Mar,16:45:52,1,,,,,,,,
W0,Kacie,22-Mar,16:46:07,,,,1,,,,,
W0,Kacie,22-Mar,16:46:13,,,1,,,,,,
W0,Kacie,22-Mar,16:46:42,,1,,,,,,,
W0,Kacie,22-Mar,16:46:58,,,,,1 (20 seconds),,,,
W0,Kacie,22-Mar,16:47:47,,,,,1 (35 seconds),,,,
W0,Kacie,22-Mar,16:48:23,,,,,1 (entire video),,,,little girl also walks in and out of door while group is standing around
W0,Kacie,22-Mar,16:49:22,"
",,,,,,,,not sure how to classify some of the things in this video. there was alot going on
W0,Kacie,22-Mar,16:50:32,,1,,,,,,,
W0,Kacie,22-Mar,16:52:10,,,,1,,,,,
W0,Kacie,22-Mar,16:52:55,,1,,,,,,,lady walked out and then not sure how to classify the rest. theres alot of people doing alot of different things
W0,Kacie,22-Mar,16:53:56,,,,,1 (17 seconds),,,,
W0,Kacie,22-Mar,16:54:15,,,,,,,,1,2 people
W0,Kacie,22-Mar,17:05:22,,,,,,,,1,3 people
W0,Kacie,22-Mar,17:05:55,,,,,1 (40 seconds),,,1,person standing in doorway talking to a group of people walking by
W0,Kacie,22-Mar,17:06:44,1,,,,,,,,
W0,Kacie,22-Mar,17:06:59,,,,1,,,,,
W0,Kacie,22-Mar,17:07:03,,,,1,,,,,
W0,Kacie,22-Mar,17:12:13,,,,1,,,,,
W0,Kacie,22-Mar,17:34:00,,1,,,,,,,door shut
W0,Kacie,24-Mar,13:52:54,,1,,,,,,,
W0,Kacie,24-Mar,13:53:08,1,,,,,,,,
W0,Kacie,24-Mar,13:53:21,,1,,,,,,,
W0,Kacie,24-Mar,13:53:36,1,,,,,,,,
W0,Kacie,24-Mar,13:53:53,,1,,,,,,,
W0,Kacie,24-Mar,13:54:06,1,,,,,,,,
W0,Kacie,24-Mar,13:54:19,,1,,,,,,,
W0,Kacie,24-Mar,13:54:33,1,,,,,,,,
W0,Kacie,24-Mar,13:55:15,,1,,,,,,,
W0,Kacie,24-Mar,14:03:19,,,,1,,,,,
W0,Kacie,24-Mar,14:07:59,,,,1,,,,,
W0,Kacie,24-Mar,14:10:11,1,,,,,,,,
W0,Kacie,24-Mar,14:10:21,1,,,,,,,,
W0,Kacie,24-Mar,14:28:06,,,,1,,,,,
W0,Kacie,24-Mar,14:30:27,,,,,,,,,"caught the very end of event, not sure what it was"
W0,Kacie,24-Mar,14:30:40,1,,,,,,,,
W0,Kacie,24-Mar,14:30:52,,1,,,,,,,
W0,Kacie,24-Mar,14:31:07,1,,,,,,,,
W0,Kacie,24-Mar,14:33:23,,1,,,,,,,
W0,Kacie,24-Mar,14:33:34,,1,,,,,,,door shut
W0,Kacie,24-Mar,14:34:22,1,,,,,,,,door open
W0,Kacie,24-Mar,14:34:27,,1,,,,,,,door shut
W0,Kacie,24-Mar,15:54:30,,,,1,,,,,
W0,Kacie,24-Mar,16:06:22,,,,1,,,,,
W0,Kacie,24-Mar,17:24:33,,,,1,,,,,
W0,Kacie,24-Mar,18:20:32,,,,,,,,1,3 people
W0,Kacie,24-Mar,19:56:19,,,,1,,,,,
W0,Kacie,24-Mar,19:56:25,,,,1,,,,,
W0,Kacie,24-Mar,19:57:29,,,,1,,,,,
W0,Kacie,24-Mar,20:05:25,,,,,,,,1,3 people
W0,Kacie,24-Mar,20:40:52,,,,1,,,,,
W0,Kacie,24-Mar,20:51:49,1,,,,,,,,door open
W0,Kacie,24-Mar,20:53:37,,1,,,,,,,door closed
W0,Kacie,25-Mar,7:17:50,,,,1,,,,,
W0,Kacie,25-Mar,7:18:27,,,,1,,,,,